MEASURE,GROUP,SUBJECT,CATEGORY,TAX,DETAILS,2020,2021,2022,2023,2024,2025,2026,2027
"10% Temporary Wage Subsidy for Employers,Refundable tax credit classified as transfer payment,Employment,N/A,PIT/CIT,Personal and corporate income tax,""1,770"",–,–,–,–,–,–,–"
Accelerated capital cost allowance for liquefied natural gas facilities,Tax expenditure,Business - natural resources,Non-structural,PIT/CIT,Total,X,X,X,X,X,X,X,X
Accelerated capital cost allowance for liquefied natural gas facilities,Tax expenditure,Business - natural resources,Non-structural,PIT,Personal income tax,n.a.,n.a.,n.a.,n.a.,n.a.,n.a.,n.a.,n.a.
Accelerated capital cost allowance for liquefied natural gas facilities,Tax expenditure,Business - natural resources,Non-structural,CIT,Corporate income tax,X,X,X,X,X,X,X,X
Accelerated capital cost allowances for low-carbon liquefied natural gas facilities,Tax expenditure,Business - natural resources,Non-structural,PIT/CIT,Total,–,–,–,–,–,X,X,X
Accelerated capital cost allowances for low-carbon liquefied natural gas facilities,Tax expenditure,Business - natural resources,Non-structural,PIT,Personal income tax,–,–,–,–,–,n.a.,n.a.,n.a.
Accelerated capital cost allowances for low-carbon liquefied natural gas facilities,Tax expenditure,Business - natural resources,Non-structural,CIT,Corporate income tax,–,–,–,–,–,X,X,X
Accelerated capital cost allowance for manufacturing or processing buildings,Tax expenditure,Business - other,Non-structural,PIT/CIT,Total,–,–,–,–,–,46,265,265
Accelerated capital cost allowance for manufacturing or processing buildings,Tax expenditure,Business - other,Non-structural,PIT,Personal income tax,–,–,–,–,–,1,5,5
Accelerated capital cost allowance for manufacturing or processing buildings,Tax expenditure,Business - other,Non-structural,CIT,Corporate income tax,–,–,–,–,–,45,260,260
Accelerated capital cost allowance for productivity-enhancing assets,Tax expenditure,Business - other,Non-structural,PIT/CIT,Total,–,–,–,–,620,420,300,-460
Accelerated capital cost allowance for productivity-enhancing assets,Tax expenditure,Business - other,Non-structural,PIT,Personal Income Tax,–,–,–,–,10,5,5,-10
Accelerated capital cost allowance for productivity-enhancing assets,Tax expenditure,Business - other,Non-structural,CIT,Corporate Income Tax,–,–,–,–,610,415,295,-455
Accelerated capital cost allowance for purpose-built rental housing,Tax expenditure,Housing,Non-structural,PIT/CIT,Total,–,–,–,–,S,10,85,230
Accelerated capital cost allowance for purpose-built rental housing,Tax expenditure,Housing,Non-structural,PIT,Personal income tax,–,–,–,–,S,1,4,10
Accelerated capital cost allowance for purpose-built rental housing,Tax expenditure,Housing,Non-structural,CIT,Corporate income tax,–,–,–,–,S,10,80,220
Accelerated capital cost allowance for zero-emission automotive equipment and vehicles,Tax expenditure,Environment,Non-structural,PIT/CIT,Total,4,5,15,20,25,30,25,35
Accelerated capital cost allowance for zero-emission automotive equipment and vehicles ,Tax expenditure,Environment,Non-structural,PIT/CIT,On-road zero-emission vehicles,3,5,15,20,20,25,20,30
Accelerated capital cost allowance for zero-emission automotive equipment and vehicles ,Tax expenditure,Environment,Non-structural,PIT/CIT,Other types of zero-emission automotive equipment and vehicles,S,1,1,1,5,5,5,10
"Accelerated Investment Incentive,Tax expenditure,Business - other,Non-structural,PIT/CIT,Total,""2,565"",""2,835"",""3,030"",""2,540"",50,""2,460"",""2,410"",""2,835"""
"Additional deduction for gifts of medicine,Tax expenditure,""Donations, gifts, charities, and non-profit organizations"",Non-structural,CIT,Corporate income tax,X,X,X,–,–,–,–,–"
Additional Tax on Banks and Life Insurers,Tax expenditure,Business - other,Non-structural,CIT,Corporate Income Tax,–,–,-250,-340,-475,-545,-560,-585
Adoption Expense Tax Credit,Tax expenditure,Families and households,Structural,PIT,Personal income tax,1,2,2,2,2,2,2,2
"Age Credit,Tax expenditure,Social,Non-structural,PIT,Personal income tax,""3,945"",""3,990"",""4,140"",""4,670"",""5,075"",""5,210"",""5,300"",""5,580"""
Apprentice vehicle mechanics’ tools deduction,Tax expenditure,Employment,Structural,PIT,Personal income tax,4,5,5,4,4,4,4,4
Apprenticeship Job Creation Tax Credit,Tax expenditure,Employment,Non-structural,PIT/CIT,Total,95,95,90,110,115,120,120,125
Apprenticeship Job Creation Tax Credit,Tax expenditure,Employment,Non-structural,PIT,Total – personal income tax,1,1,1,1,1,1,1,1
Apprenticeship Job Creation Tax Credit,Tax expenditure,Employment,Non-structural,CIT,Total – corporate income tax,95,95,90,110,115,115,120,125
Apprenticeship Job Creation Tax Credit,Tax expenditure,Employment,Non-structural,CIT,Corporate income tax – Earned and claimed in current year,60,55,65,75,80,80,85,85
Apprenticeship Job Creation Tax Credit,Tax expenditure,Employment,Non-structural,CIT,Corporate income tax – Claimed in current year but earned in prior years,30,35,20,25,30,30,30,35
Apprenticeship Job Creation Tax Credit,Tax expenditure,Employment,Non-structural,CIT,Corporate income tax – Earned in current year but carried back to prior years,2,2,4,3,3,3,3,3
Atlantic Investment Tax Credit,Tax expenditure,Business - other,Non-structural,PIT/CIT,Total,135,220,360,205,255,245,245,255
Atlantic Investment Tax Credit,Tax expenditure,Business - other,Non-structural,PIT,Total – personal income tax,10,10,10,10,5,10,10,10
Atlantic Investment Tax Credit,Tax expenditure,Business - other,Non-structural,CIT,Corporate income tax – Non-refundable portion – Total,100,185,325,165,215,200,200,210
Atlantic Investment Tax Credit,Tax expenditure,Business - other,Non-structural,CIT,Total – corporate income tax,125,210,350,200,250,235,235,245
Atlantic Investment Tax Credit,Tax expenditure,Business - other,Non-structural,CIT,Corporate income tax – Non-refundable portion – Earned and claimed in current year,45,55,100,75,110,100,100,105
Atlantic Investment Tax Credit,Tax expenditure,Business - other,Non-structural,CIT,Corporate income tax – Non-refundable portion – Claimed in current year but earned in prior years,45,125,220,65,90,80,80,85
Atlantic Investment Tax Credit,Tax expenditure,Business - other,Non-structural,CIT,Corporate income tax – Non-refundable portion – Earned in current year but carried back to prior years,10,5,10,25,15,20,20,20
Atlantic Investment Tax Credit,Refundable tax credit classified as transfer payment,Business - other,N/A,CIT,Corporate income tax – Refundable portion,25,25,25,35,30,35,35,35
Atlantic Investment Tax Credit for oil and gas and coal mining,Tax expenditure,Business - other,Non-structural,PIT/CIT,Total,X,X,X,X,X,X,X,X
Atlantic Investment Tax Credit for oil and gas and coal mining,Tax expenditure,Business - other,Non-structural,PIT,Personal income tax,S,S,S,S,S,S,S,S
Atlantic Investment Tax Credit for oil and gas and coal mining,Tax expenditure,Business - other,Non-structural,CIT,Corporate income tax,X,X,X,X,X,X,X,X
Canada Caregiver Credit,Tax expenditure,Families and households,Structural,PIT,Personal income tax,240,245,250,275,290,295,300,305
"Canada Child Benefit,Refundable tax credit classified as transfer payment,Families and households,N/A,PIT,Personal income tax,""26,800"",""24,500"",""24,600"",""26,400"",""28,600"",""30,100"",""31,000"",""31,700"""
"Canada Emergency Rent Subsidy & Lockdown Support,Refundable tax credit classified as transfer payment,Business - other,N/A,PIT/CIT,Personal and corporate income tax,""2,050"",""5,450"",–,–,–,–,–,–"
"Canada Emergency Wage Subsidy,Refundable tax credit classified as transfer payment,Employment,N/A,PIT/CIT,Personal and corporate income tax,""70,320"",""29,450"",–,–,–,–,–,–"
"Canada Employment Credit,Tax expenditure,Employment,Structural,PIT,Personal income tax,""2,750"",""2,755"",""2,830"",""3,090"",""3,325"",""3,300"",""3,245"",""3,325"""
Canada Recovery Dividend,Tax expenditure,Business - other,Non-structural,CIT,Corporate Income Tax,–,–,-720,-720,-720,-720,-720,–
Canada Recovery Hiring Program,Refundable tax credit classified as transfer payment,Employment,N/A,PIT/CIT,Total,–,950,475,–,–,–,–,–
Canada Training Credit,Refundable tax credit classified as transfer payment,Employment,N/A,PIT,Personal income tax,100,180,215,245,250,270,290,310
"Canada Workers Benefit,Refundable tax credit classified as transfer payment,Employment,N/A,PIT,Personal income tax,900,""2,400"",""3,290"",""4,465"",""5,110"",""5,215"",""5,215"",""5,215"""
Canadian Film or Video Production Tax Credit,Refundable tax credit classified as transfer payment,Arts and culture,N/A,CIT,Corporate income tax,255,295,365,395,430,445,455,475
Canadian Journalism Labour Tax Credit,Refundable tax credit classified as transfer payment,Business - other,N/A,PIT/CIT,Total,35,35,40,65,70,75,75,60
Canadian Journalism Labour Tax Credit,Refundable tax credit classified as transfer payment,Business - other,N/A,PIT,Personal income tax,1,S,S,S,S,S,S,S
Canadian Journalism Labour Tax Credit,Refundable tax credit classified as transfer payment,Business - other,N/A,CIT,Corporate income tax,35,35,40,65,70,75,75,60
"Capital loss carry-overs,Tax measure other than tax expenditure,Savings and investment,Structural,TRU,Personal income tax – trusts,800,""2,010"",430,855,995,""1,020"",""1,060"",""1,110"""
Capital loss carry-overs,Tax measure other than tax expenditure,Savings and investment,Structural,PIT/TRU/CIT,Total,n.a.,n.a.,n.a.,n.a.,n.a.,n.a.,n.a.,n.a.
Capital loss carry-overs,Tax measure other than tax expenditure,Savings and investment,Structural,PIT/TRU,Total – personal income tax,n.a.,n.a.,n.a.,n.a.,n.a.,n.a.,n.a.,n.a.
Capital loss carry-overs,Tax measure other than tax expenditure,Savings and investment,Structural,PIT,Personal income tax – individuals – total,n.a.,n.a.,n.a.,n.a.,n.a.,n.a.,n.a.,n.a.
Capital loss carry-overs,Tax measure other than tax expenditure,Savings and investment,Structural,PIT,Personal income tax – individuals – carried back,n.a.,n.a.,n.a.,n.a.,n.a.,n.a.,n.a.,n.a.
Capital loss carry-overs,Tax measure other than tax expenditure,Savings and investment,Structural,PIT,Personal income tax – individuals – applied to current year,550,940,505,535,780,565,600,645
"Capital loss carry-overs,Tax measure other than tax expenditure,Savings and investment,Structural,CIT,Total – corporate income tax,""1,015"",855,985,800,""1,390"",965,""1,035"",""1,115"""
Capital loss carry-overs,Tax measure other than tax expenditure,Savings and investment,Structural,CIT,Corporate income tax – carried back,405,200,455,355,400,445,445,455
Capital loss carry-overs,Tax measure other than tax expenditure,Savings and investment,Structural,CIT,Corporate income tax – applied to current year,615,650,525,445,990,525,590,660
Carbon Capture, Utilization and Storage Investment Tax Credit,Refundable tax credit classified as transfer payment,Environment,N/A,CIT,Corporate Income Tax, – , – ,15,40,40,125,425,865
"Charitable Donation Tax Credit,Tax expenditure,""Donations, gifts, charities, and non-profit organizations"",Non-structural,TRU,Personal income tax – trusts,70,65,45,60,55,60,60,60"
"Charitable Donation Tax Credit,Tax expenditure,""Donations, gifts, charities, and non-profit organizations"",Non-structural,PIT/TRU,Total – personal income tax,""3,360"",""3,680"",""3,735"",""4,065"",""4,150"",""3,995"",""4,225"",""4,345"""
"Charitable Donation Tax Credit,Tax expenditure,""Donations, gifts, charities, and non-profit organizations"",Non-structural,PIT,Personal income tax – individuals – total,""3,290"",""3,615"",""3,690"",""4,010"",""4,090"",""3,940"",""4,165"",""4,285"""
"Charitable Donation Tax Credit,Tax expenditure,""Donations, gifts, charities, and non-profit organizations"",Non-structural,PIT,Publicly listed securities,350,450,350,575,585,300,335,390"
"Charitable Donation Tax Credit,Tax expenditure,""Donations, gifts, charities, and non-profit organizations"",Non-structural,PIT,Ecologically sensitive land,10,10,15,20,15,15,15,15"
"Charitable Donation Tax Credit,Tax expenditure,""Donations, gifts, charities, and non-profit organizations"",Non-structural,PIT,Cultural property,15,15,15,10,30,15,15,15"
"Charitable Donation Tax Credit,Tax expenditure,""Donations, gifts, charities, and non-profit organizations"",Non-structural,PIT,Other,""2,915"",""3,140"",""3,310"",""3,405"",""3,465"",""3,610"",""3,800"",""3,870"""
"Child Care Expense Deduction,Tax expenditure,Employment,Structural,PIT,Personal income tax,975,""1,210"",""1,280"",""1,275"",""1,320"",""1,300"",""1,310"",""1,335"""
"Clean Electricity Investment Tax Credit,Refundable tax credit classified as transfer payment,Environment,N/A,CIT,Corporate Income Tax, – , – , – , – ,215,955,""1,160"",""1,380"""
Clean Hydrogen Investment Tax Credit,Refundable tax credit classified as transfer payment,Environment,N/A,CIT,Corporate Income Tax, – , – , – , S , S , S ,425,675
"Clean Technology Investment Tax Credit,Refundable tax credit classified as transfer payment,Environment,N/A,CIT,Corporate Income Tax, – , – , – ,350,445,""1,050"",""1,090"",""1,130"""
Clean Technology Manufacturing Investment Tax Credit,Refundable tax credit classified as transfer payment,Environment,N/A,CIT,Corporate Income Tax, – , – , – , – ,200,300,395,540
Corporate Mineral Exploration and Development Tax Credit,Tax expenditure,Business - natural resources,Non-structural,CIT,Corporate income tax,45,15,40,-1,25,15,15,15
Credit for subscriptions to Canadian digital news media,Tax expenditure,Social,Non-structural,PIT,Personal income tax,10,15,15,20,20,n.a.,n.a.,n.a.
"Credit for the Basic Personal Amount,Tax measure other than tax expenditure,Other,Structural,PIT,Personal income tax,""44,575"",""46,200"",""47,720"",""51,370"",""55,455"",""55,360"",""54,640"",""56,240"""
Critical Mineral Exploration Tax Credit for Flow-Through Share Investors,Tax expenditure,Business - natural resources,Non-structural,PIT,Personal income tax,–,–,70,220,120,130,135,-30
Deductibility of certain costs incurred by musicians,Tax expenditure,Employment,Structural,PIT,Personal income tax,1,1,1,1,1,1,1,1
"Deductibility of charitable donations,Tax expenditure,""Donations, gifts, charities, and non-profit organizations"",Non-structural,CIT,Total – corporate income tax,790,""1,080"",""1,045"",885,""1,645"",""1,465"",""1,475"",""1,690"""
"Deductibility of charitable donations,Tax expenditure,""Donations, gifts, charities, and non-profit organizations"",Non-structural,CIT,Ecologically sensitive land,1,1,5,15,5,5,5,5"
"Deductibility of charitable donations,Tax expenditure,""Donations, gifts, charities, and non-profit organizations"",Non-structural,CIT,Cultural property,2,2,2,5,50,20,20,20"
"Deductibility of charitable donations,Tax expenditure,""Donations, gifts, charities, and non-profit organizations"",Non-structural,CIT,Other,785,""1,080"",""1,040"",865,""1,590"",""1,440"",""1,450"",""1,665"""
Deductibility of contributions to a qualifying environmental trust,Tax expenditure,Environment,Structural,PIT/CIT,Total,n.a.,n.a.,n.a.,n.a.,n.a.,n.a.,n.a.,n.a.
Deductibility of contributions to a qualifying environmental trust,Tax expenditure,Environment,Structural,PIT,Personal income tax,n.a.,n.a.,n.a.,n.a.,n.a.,n.a.,n.a.,n.a.
Deductibility of contributions to a qualifying environmental trust,Tax expenditure,Environment,Structural,CIT,Corporate income tax,50,40,50,50,50,50,50,50
Deductibility of earthquake reserves,Tax expenditure,Business - other,Structural,CIT,Corporate income tax,S,-1,S,S,-1,S,S,S
Deductibility of expenses by employed artists,Tax expenditure,Employment,Structural,PIT,Personal income tax,S,S,S,S,S,S,S,S
Deduction for clergy residence,Tax expenditure,Social,Non-structural,PIT,Personal income tax,95,100,100,105,110,115,115,115
Deduction for tradespeople's tool expenses,Tax expenditure,Employment,Structural,PIT,Personal income tax,2,2,2,4,4,4,4,4
Deduction for tuition assistance for adult basic education,Tax expenditure,Education,Structural,PIT,Personal income tax,3,3,5,10,5,5,5,5
Deduction of allowable business investment losses,Tax expenditure,Business - small businesses,Non-structural,TRU,Personal income tax – trusts,S,S,1,1,1,1,1,1
Deduction of allowable business investment losses,Tax expenditure,Business - small businesses,Non-structural,PIT/TRU/CIT,Total,55,55,40,45,50,50,55,55
Deduction of allowable business investment losses,Tax expenditure,Business - small businesses,Non-structural,PIT/TRU,Total – personal income tax,40,40,30,35,35,40,40,40
Deduction of allowable business investment losses,Tax expenditure,Business - small businesses,Non-structural,PIT,Personal income tax – individuals,40,40,30,35,35,40,40,40
Deduction of allowable business investment losses,Tax expenditure,Business - small businesses,Non-structural,CIT,Corporate income tax,15,15,5,10,15,15,15,15
Deduction of interest and carrying charges incurred to earn investment income,Tax measure other than tax expenditure,Savings and investment,Structural,PIT/CIT,Total,n.a.,n.a.,n.a.,n.a.,n.a.,n.a.,n.a.,n.a.
"Deduction of interest and carrying charges incurred to earn investment income,Tax measure other than tax expenditure,Savings and investment,Structural,PIT,Personal income tax,""1,900"",""2,280"",""2,465"",""2,835"",""3,100"",""3,170"",""3,255"",""3,370"""
Deduction of interest and carrying charges incurred to earn investment income,Tax measure other than tax expenditure,Savings and investment,Structural,CIT,Corporate income tax,n.a.,n.a.,n.a.,n.a.,n.a.,n.a.,n.a.,n.a.
"Deduction of other employment expenses,Tax expenditure,Employment,Structural,PIT,Personal income tax,""1,145"",""1,270"",""1,265"",""1,225"",""1,210"",""1,225"",""1,235"",""1,255"""
"Deduction of union and professional dues,Tax expenditure,Employment,Structural,PIT,Personal income tax,""1,075"",""1,160"",""1,210"",""1,275"",""1,325"",""1,365"",""1,415"",""1,480"""
Deferral of income from destruction of livestock,Tax expenditure,Business - farming and fishing,Structural,PIT/CIT,Total,S,S,5,5,-5,n.a.,n.a.,n.a.
Deferral of income from destruction of livestock,Tax expenditure,Business - farming and fishing,Structural,PIT,Personal income tax,S,S,3,3,-2,n.a.,n.a.,n.a.
Deferral of income from destruction of livestock,Tax expenditure,Business - farming and fishing,Structural,CIT,Corporate income tax,S,S,4,4,-4,n.a.,n.a.,n.a.
Deferral of income from grain sold through cash purchase tickets,Tax expenditure,Business - farming and fishing,Non-structural,PIT/CIT,Total,40,5,140,60,-15,n.a.,n.a.,n.a.
Deferral of income from grain sold through cash purchase tickets,Tax expenditure,Business - farming and fishing,Non-structural,PIT,Personal income tax,15,3,60,25,-5,n.a.,n.a.,n.a.
Deferral of income from grain sold through cash purchase tickets,Tax expenditure,Business - farming and fishing,Non-structural,CIT,Corporate income tax,25,4,80,35,-10,n.a.,n.a.,n.a.
Deferral through five-year capital gain reserve,Tax expenditure,Business - other,Structural,TRU,Personal income tax – trusts,S,3,20,-2,S,S,S,S
Deferral through five-year capital gain reserve,Tax expenditure,Business - other,Structural,PIT/TRU/CIT,Total,n.a.,n.a.,n.a.,n.a.,n.a.,n.a.,n.a.,n.a.
Deferral through five-year capital gain reserve,Tax expenditure,Business - other,Structural,PIT/TRU,Total – personal income tax,20,40,50,25,25,25,25,25
Deferral through five-year capital gain reserve,Tax expenditure,Business - other,Structural,PIT,Personal income tax – individuals,20,35,30,30,25,25,25,25
Deferral through five-year capital gain reserve,Tax expenditure,Business - other,Structural,CIT,Corporate income tax,n.a.,n.a.,n.a.,n.a.,n.a.,n.a.,n.a.,n.a.
Deferral through ten-year capital gain reserve,Tax expenditure,Business - other,Non-structural,PIT,Total – personal income tax,35,95,75,75,60,65,70,75
Deferral through ten-year capital gain reserve,Tax expenditure,Business - other,Non-structural,PIT,Farm and fishing property,n.a.,n.a.,n.a.,n.a.,n.a.,n.a.,n.a.,n.a.
Deferral through ten-year capital gain reserve,Tax expenditure,Business - other,Non-structural,PIT,Small business shares,n.a.,n.a.,n.a.,n.a.,n.a.,n.a.,n.a.,n.a.
Disability supports deduction,Tax expenditure,Health,Structural,PIT,Personal income tax,3,3,3,3,3,3,3,3
"Disability Tax Credit,Tax expenditure,Health,Structural,PIT,Personal income tax,""1,195"",""1,230"",""1,325"",""1,535"",""1,645"",""1,700"",""1,790"",""1,850"""
Dividend gross-up and tax credit,Tax measure other than tax expenditure,Savings and investment,Structural,TRU,Trusts,280,360,475,315,325,340,350,365
"Dividend gross-up and tax credit,Tax measure other than tax expenditure,Savings and investment,Structural,PIT/TRU,Total – personal income tax,""4,940"",""5,580"",""6,290"",""6,695"",""7,035"",""7,310"",""7,555"",""7,880"""
"Dividend gross-up and tax credit,Tax measure other than tax expenditure,Savings and investment,Structural,PIT,Personal income tax,""4,660"",""5,225"",""5,820"",""6,380"",""6,710"",""6,975"",""7,205"",""7,515"""
Earned depletion,Tax expenditure,Business - natural resources,Non-structural,PIT/CIT,Total,n.a.,n.a.,n.a.,n.a.,n.a.,n.a.,n.a.,n.a.
Earned depletion,Tax expenditure,Business - natural resources,Non-structural,PIT,Personal income tax,n.a.,n.a.,n.a.,n.a.,n.a.,n.a.,n.a.,n.a.
Earned depletion,Tax expenditure,Business - natural resources,Non-structural,CIT,Corporate income tax,1,S,S,5,S,1,1,1
Education Tax Credit,Tax expenditure,Education,Structural,PIT,Personal income tax,190,115,45,S,S,S,S,S
"Eligible Dependant Credit,Tax expenditure,Families and households,Structural,PIT,Personal income tax,""1,270"",""1,290"",""1,230"",""1,290"",""1,400"",""1,400"",""1,390"",""1,435"""
Employee Ownership Capital Gains Exemption,Tax expenditure,Business - other,Non-structural,PIT,Personal income tax, –, –, –, S,1,5,15, S
"Employee stock option deduction,Tax expenditure,Employment,Non-structural,PIT,Personal income tax,920,""1,645"",""1,130"",855,""1,070"",""1,155"",""1,230"",""1,335"""
"Enhanced rebate for new residential rental property,Tax expenditure,Housing,Non-structural,GST,Goods and Services Tax,–,–,–,S,20,520,960,""1,205"""
EV Supply Chain Investment Tax Credit,Refundable tax credit classified as transfer payment,Environment,N/A,CIT,Corporate Income Tax,–,–,–,–,–,–,–,–
Exemption from branch tax for transportation, communications, and iron ore mining corporations,Tax expenditure,Business - other,Structural,CIT,Corporate income tax,X,X,X,X,X,X,X,X
Exemption from GST and rebate for legal aid services,Tax expenditure,Social,Non-structural,GST,Goods and Services Tax,45,50,50,55,55,60,60,65
"Exemption from GST for certain residential rent,Tax expenditure,Housing,Non-structural,GST,Goods and Services Tax,""1,980"",""1,830"",""2,080"",""2,440"",""2,590"",""2,770"",""2,910"",""2,995"""
"Exemption from GST for certain supplies made by charities and non-profit organizations,Tax expenditure,""Donations, gifts, charities, and non-profit organizations"",Non-structural,GST,Goods and Services Tax,""1,490"",""1,560"",""1,680"",""1,815"",""1,900"",""1,965"",""2,035"",""2,100"""
Exemption from GST for child care,Tax expenditure,Families and households,Non-structural,GST,Goods and Services Tax,150,190,230,190,200,210,215,225
Exemption from GST for ferry, road and bridge tolls,Tax expenditure,Social,Non-structural,GST,Goods and Services Tax,10,10,15,15,15,15,20,20
"Exemption from GST for health care services,Tax expenditure,Health,Non-structural,GST,Goods and Services Tax,885,990,""1,080"",""1,145"",""1,200"",""1,240"",""1,295"",""1,365"""
Exemption from GST for hospital parking,Tax expenditure,Health,Non-structural,GST,Goods and Services Tax,10,15,15,15,20,20,20,20
Exemption from GST for municipal transit,Tax expenditure,Social,Non-structural,GST,Goods and Services Tax,110,110,170,215,230,230,240,250
Exemption from GST for personal care services,Tax expenditure,Families and households,Non-structural,GST,Goods and Services Tax,n.a.,n.a.,n.a.,n.a.,n.a.,n.a.,n.a.,n.a.
Exemption from GST for short-term accommodation,Tax expenditure,Housing,Non-structural,GST,Goods and Services Tax,n.a.,n.a.,n.a.,n.a.,n.a.,n.a.,n.a.,n.a.
"Exemption from GST for tuition and educational services,Tax expenditure,Education,Non-structural,GST,Goods and Services Tax,935,965,""1,055"",""1,145"",""1,210"",""1,250"",""1,295"",""1,345"""
Exemption from GST for water, sewage and basic garbage collection services,Tax expenditure,Social,Non-structural,GST,Goods and Services Tax,365,390,415,440,480,500,520,540
Exemption of scholarship, fellowship and bursary income,Tax expenditure,Education,Non-structural,PIT,Personal income tax,705,690,725,760,770,770,720,745
"Exemptions from non-resident withholding tax,Tax expenditure,International,Non-structural,PIT/CIT,Total,""8,975"",""11,680"",""13,475"",""14,315"",""14,755"",""15,540"",""16,325"",""17,320"""
"Exemptions from non-resident withholding tax,Tax expenditure,International,Non-structural,PIT/CIT,Dividends,""5,585"",""7,590"",""8,410"",""8,095"",""8,640"",""8,950"",""9,220"",""9,595"""
"Exemptions from non-resident withholding tax,Tax expenditure,International,Non-structural,PIT/CIT,Interest,""1,410"",""1,700"",""2,060"",""2,600"",""2,440"",""2,525"",""2,605"",""2,710"""
"Exemptions from non-resident withholding tax,Tax expenditure,International,Non-structural,PIT/CIT,Rents and royalties,895,980,""1,240"",""1,460"",""1,415"",""1,465"",""1,510"",""1,575"""
"Exemptions from non-resident withholding tax,Tax expenditure,International,Non-structural,PIT/CIT,Management fees,""1,080"",""1,410"",""1,770"",""2,155"",""2,260"",""2,600"",""2,990"",""3,440"""
Expensing of capital expenditures on scientific research and experimental development,Tax expenditure,Business - research and development,Non-structural,PIT/CIT,Total,–,–,–,–,–,15,10,15
Expensing of capital expenditures on scientific research and experimental development,Tax expenditure,Business - research and development,Non-structural,PIT,Personal income tax,–,–,–,–,–, S, S, S
Expensing of capital expenditures on scientific research and experimental development,Tax expenditure,Business - research and development,Non-structural,CIT,Corporate income tax,–,–,–,–,–,15,10,15
Film or Video Production Services Tax Credit,Refundable tax credit classified as transfer payment,Arts and culture,N/A,CIT,Corporate income tax,355,430,485,480,405,470,485,505
First-Time Home Buyers' GST Rebate,Tax expenditure,Housing,Non-structural,GST,Goods and Services Tax, –, –, –, –, –,110,590,895
First-Time Home Buyers’ Tax Credit,Tax expenditure,Housing,Non-structural,PIT,Personal income tax,130,150,245,220,235,230,240,250
Flow-through share deductions,Tax expenditure,Business - natural resources,Non-structural,PIT/CIT,Total,200,310,255,285,265,260,260,265
Flow-through share deductions,Tax expenditure,Business - natural resources,Non-structural,PIT,Personal income tax,170,245,200,215,190,195,195,195
Flow-through share deductions,Tax expenditure,Business - natural resources,Non-structural,CIT,Corporate income tax,30,60,60,65,75,70,65,65
Flow-through share deductions for oil and gas and coal mining,Tax expenditure,Business - natural resources,Non-structural,PIT/CIT,Total,10,10,10,10,10,5,4,3
Flow-through share deductions for oil and gas and coal mining,Tax expenditure,Business - natural resources,Non-structural,PIT,Personal income tax,3,3,3,3,2,2,1,1
Flow-through share deductions for oil and gas and coal mining,Tax expenditure,Business - natural resources,Non-structural,CIT,Corporate income tax,5,5,5,5,5,4,3,2
Foreign Convention and Tour Incentive Program,Tax expenditure,Business - other,Non-structural,GST,Goods and Services Tax,1,S,2,5,5,5,5,5
Foreign tax credit for individuals,Tax measure other than tax expenditure,International,Structural,TRU,Personal income tax – trusts,45,90,80,50,50,55,55,55
"Foreign tax credit for individuals,Tax measure other than tax expenditure,International,Structural,PIT/TRU,Total – personal income tax,""1,970"",""2,165"",""2,390"",""2,530"",""2,655"",""2,735"",""2,800"",""2,880"""
"Foreign tax credit for individuals,Tax measure other than tax expenditure,International,Structural,PIT,Personal income tax – individuals,""1,925"",""2,075"",""2,310"",""2,480"",""2,605"",""2,680"",""2,745"",""2,825"""
"Goods and Services Tax/Harmonized Sales Tax Credit,Tax expenditure,Families and households,Structural,GST,Goods and Services Tax,""10,450"",""5,030"",""7,335"",""8,120"",""6,195"",""6,400"",""6,575"",""6,760"""
Hardest-Hit Business Recovery Program,Refundable tax credit classified as transfer payment,Employment,N/A,PIT/CIT,Total,–,300,330,–,–,–,–,–
Holdback on progress payments to contractors,Tax expenditure,Business - other,Structural,PIT/CIT,Total,n.a.,n.a.,n.a.,n.a.,n.a.,n.a.,n.a.,n.a.
Holdback on progress payments to contractors,Tax expenditure,Business - other,Structural,PIT,Personal income tax,n.a.,n.a.,n.a.,n.a.,n.a.,n.a.,n.a.,n.a.
Holdback on progress payments to contractors,Tax expenditure,Business - other,Structural,CIT,Corporate income tax,65,100,140,175,165,170,175,180
Home Accessibility Tax Credit,Tax expenditure,Health,Non-structural,PIT,Personal income tax,15,25,40,30,30,30,25,25
"Immediate expensing for small businesses,Tax expenditure,Business - other,Non-structural,PIT/CIT,Total,–,675,""1,640"",""1,460"",-125,-935,-700,-530"
Immediate expensing for small businesses,Tax expenditure,Business - other,Non-structural,PIT,Personal Income tax,–,–,335,230,180,-190,-140,-100
"Immediate expensing for small businesses,Tax expenditure,Business - other,Non-structural,CIT,Corporate income tax,–,675,""1,305"",""1,175"",-350,-735,-550,-420"
Investment corporation deduction,Tax measure other than tax expenditure,Savings and investment,Structural,CIT,Corporate income tax,S,S,S,S,S,S,S,S
Investment Tax Credit for Child Care Spaces,Tax expenditure,Families and households,Non-structural,PIT/CIT,Total,X,X,X,X,X,X,X,X
Investment Tax Credit for Child Care Spaces,Tax expenditure,Families and households,Non-structural,PIT,Total – personal income tax,S,S,S,S,S,S,S,S
Investment Tax Credit for Child Care Spaces,Tax expenditure,Families and households,Non-structural,CIT,Corporate income tax,X,X,X,X,X,X,X,X
Labour Mobility Deduction for Tradespeople,Tax expenditure,Employment,Structural,PIT  ,Personal Income Tax,–,–,2,1,1,1,1,2
Labour-Sponsored Venture Capital Corporations Credit,Tax expenditure,Savings and investment,Non-structural,PIT,Personal income tax,180,175,185,190,215,205,205,205
"Lifetime Capital Gains Exemption,Tax expenditure,Business - other,Non-structural,PIT,Total – personal income tax,""1,725"",""2,550"",""2,625"",""2,585"",""2,700"",""2,770"",""3,025"",""2,880"""
"Lifetime Capital Gains Exemption,Tax expenditure,Business - other,Non-structural,PIT,Personal income tax – individuals – small business shares,""1,020"",""1,650"",""1,645"",""1,660"",""1,720"",""1,760"",""1,815"",""1,895"""
"Lifetime Capital Gains Exemption,Tax expenditure,Business - other,Non-structural,PIT,Personal income tax – individuals – farm and fishing property,705,900,975,925,980,""1,015"",""1,065"",""1,130"""
Local Lockdown Program,Refundable tax credit classified as transfer payment,Employment,N/A,PIT/CIT,Total,–,n.a.,n.a.,–,–,–,–,–
Logging Tax Credit,Tax expenditure,Intergovernmental tax arrangements,Non-structural,TRU,Personal income tax – trusts,X,X,X,X,X,X,X,X
Logging Tax Credit,Tax expenditure,Intergovernmental tax arrangements,Non-structural,PIT/TRU/CIT,Total,X,X,X,X,X,X,X,X
Logging Tax Credit,Tax expenditure,Intergovernmental tax arrangements,Non-structural,PIT/TRU,Total – personal income tax,X,X,X,X,X,X,X,X
Logging Tax Credit,Tax expenditure,Intergovernmental tax arrangements,Non-structural,PIT,Personal income tax – individuals,1,2,3,1,1,1,1,1
Logging Tax Credit,Tax expenditure,Intergovernmental tax arrangements,Non-structural,CIT,Corporate income tax,55,240,185,40,55,50,45,40
"Medical Expense Tax Credit,Tax expenditure,Health,Structural,PIT,Personal income tax,""1,530"",""1,805"",""1,925"",""2,200"",""2,220"",""2,290"",""2,370"",""2,540"""
Mineral Exploration Tax Credit for Flow-Through Share Investors,Tax expenditure,Business - natural resources,Non-structural,PIT,Personal income tax,100,145,60,35,40,50,45,-10
Moving expense deduction,Tax expenditure,Employment,Structural,PIT,Personal income tax,105,150,165,135,120,120,125,125
Multigenerational Home Renovation Tax Credit,Refundable tax credit classified as transfer payment,Housing,N/A,PIT,Personal income tax,–,–,–,25,25,25,25,25
Non-capital loss carry-overs,Tax measure other than tax expenditure,Business - other,Structural,TRU,Farm and fishing non-capital losses – personal income tax – trusts,n.a.,n.a.,n.a.,n.a.,n.a.,n.a.,n.a.,n.a.
Non-capital loss carry-overs,Tax measure other than tax expenditure,Business - other,Structural,TRU,Other non-capital losses – personal income tax – trusts,n.a.,n.a.,n.a.,n.a.,n.a.,n.a.,n.a.,n.a.
Non-capital loss carry-overs,Tax measure other than tax expenditure,Business - other,Structural,TRU,Total non-capital losses – personal income tax – trusts,180,220,355,340,380,345,345,360
Non-capital loss carry-overs,Tax measure other than tax expenditure,Business - other,Structural,PIT/TRU/CIT,Farm and fishing non-capital losses – total,n.a.,n.a.,n.a.,n.a.,n.a.,n.a.,n.a.,n.a.
Non-capital loss carry-overs,Tax measure other than tax expenditure,Business - other,Structural,PIT/TRU/CIT,Other non-capital losses – total,n.a.,n.a.,n.a.,n.a.,n.a.,n.a.,n.a.,n.a.
Non-capital loss carry-overs,Tax measure other than tax expenditure,Business - other,Structural,PIT/TRU/CIT,Total non-capital losses – total,n.a.,n.a.,n.a.,n.a.,n.a.,n.a.,n.a.,n.a.
Non-capital loss carry-overs,Tax measure other than tax expenditure,Business - other,Structural,PIT/TRU,Farm and fishing non-capital losses – total – personal income tax,n.a.,n.a.,n.a.,n.a.,n.a.,n.a.,n.a.,n.a.
Non-capital loss carry-overs,Tax measure other than tax expenditure,Business - other,Structural,PIT/TRU,Other non-capital losses – total – personal income tax,n.a.,n.a.,n.a.,n.a.,n.a.,n.a.,n.a.,n.a.
Non-capital loss carry-overs,Tax measure other than tax expenditure,Business - other,Structural,PIT/TRU,Total non-capital losses – total – personal income tax,n.a.,n.a.,n.a.,n.a.,n.a.,n.a.,n.a.,n.a.
Non-capital loss carry-overs,Tax measure other than tax expenditure,Business - other,Structural,PIT,Farm and fishing non-capital losses – personal income tax - individuals – total,n.a.,n.a.,n.a.,n.a.,n.a.,n.a.,n.a.,n.a.
Non-capital loss carry-overs,Tax measure other than tax expenditure,Business - other,Structural,PIT,Farm and fishing non-capital losses – personal income tax – individuals – carried back,n.a.,n.a.,n.a.,n.a.,n.a.,n.a.,n.a.,n.a.
Non-capital loss carry-overs,Tax measure other than tax expenditure,Business - other,Structural,PIT,Farm and fishing non-capital losses – personal income tax – individuals – applied to current year,20,25,30,30,30,35,35,35
Non-capital loss carry-overs,Tax measure other than tax expenditure,Business - other,Structural,PIT,Other non-capital losses – personal income tax – individuals – total,n.a.,n.a.,n.a.,n.a.,n.a.,n.a.,n.a.,n.a.
Non-capital loss carry-overs,Tax measure other than tax expenditure,Business - other,Structural,PIT,Other non-capital losses – personal income tax – individuals – carried back,n.a.,n.a.,n.a.,n.a.,n.a.,n.a.,n.a.,n.a.
Non-capital loss carry-overs,Tax measure other than tax expenditure,Business - other,Structural,PIT,Other non-capital losses – personal income tax – individuals – applied to current year,90,90,90,110,115,120,125,135
Non-capital loss carry-overs,Tax measure other than tax expenditure,Business - other,Structural,PIT,Total non-capital losses – personal income tax – individuals – total,n.a.,n.a.,n.a.,n.a.,n.a.,n.a.,n.a.,n.a.
Non-capital loss carry-overs,Tax measure other than tax expenditure,Business - other,Structural,PIT,Total non-capital losses – personal income tax – individuals – carried back,n.a.,n.a.,n.a.,n.a.,n.a.,n.a.,n.a.,n.a.
Non-capital loss carry-overs,Tax measure other than tax expenditure,Business - other,Structural,PIT,Total non-capital losses – personal income tax – individuals – applied to current year,110,115,120,140,150,155,160,170
Non-capital loss carry-overs,Tax measure other than tax expenditure,Business - other,Structural,CIT,Farm and fishing non-capital losses – total – corporate income tax,85,110,125,130,150,160,165,170
Non-capital loss carry-overs,Tax measure other than tax expenditure,Business - other,Structural,CIT,Farm and fishing non-capital losses – corporate income tax – carried back,30,20,35,35,30,35,35,35
Non-capital loss carry-overs,Tax measure other than tax expenditure,Business - other,Structural,CIT,Farm and fishing non-capital losses – corporate income tax – applied to current year,55,90,90,95,125,130,130,140
"Non-capital loss carry-overs,Tax measure other than tax expenditure,Business - other,Structural,CIT,Other non-capital losses – total – corporate income tax,""8,820"",""11,395"",""14,620"",""12,470"",""13,100"",""12,540"",""12,635"",""12,975"""
"Non-capital loss carry-overs,Tax measure other than tax expenditure,Business - other,Structural,CIT,Other non-capital losses – corporate income tax – carried back,""3,205"",""1,905"",""2,915"",""2,930"",""2,455"",""2,885"",""2,895"",""2,840"""
"Non-capital loss carry-overs,Tax measure other than tax expenditure,Business - other,Structural,CIT,Other non-capital losses – corporate income tax – applied to current year,""5,615"",""9,490"",""11,710"",""9,540"",""10,645"",""9,660"",""9,740"",""10,135"""
"Non-capital loss carry-overs,Tax measure other than tax expenditure,Business - other,Structural,CIT,Total non-capital losses – total – corporate income tax,""8,900"",""11,500"",""14,745"",""12,595"",""13,250"",""12,705"",""12,800"",""13,150"""
"Non-capital loss carry-overs,Tax measure other than tax expenditure,Business - other,Structural,CIT,Total non-capital losses – corporate income tax – carried back,""3,230"",""1,925"",""2,950"",""2,965"",""2,485"",""2,915"",""2,925"",""2,875"""
"Non-capital loss carry-overs,Tax measure other than tax expenditure,Business - other,Structural,CIT,Total non-capital losses – corporate income tax – applied to current year,""5,670"",""9,575"",""11,800"",""9,635"",""10,765"",""9,785"",""9,870"",""10,275"""
Non-deductibility of advertising expenses in foreign media,Tax expenditure,Business - other,Non-structural,PIT/CIT,Total,n.a.,n.a.,n.a.,n.a.,n.a.,n.a.,n.a.,n.a.
Non-deductibility of advertising expenses in foreign media,Tax expenditure,Business - other,Non-structural,PIT,Personal income tax,n.a.,n.a.,n.a.,n.a.,n.a.,n.a.,n.a.,n.a.
Non-deductibility of advertising expenses in foreign media,Tax expenditure,Business - other,Non-structural,CIT,Corporate income tax,S,S,S,S,S,S,S,S
Non-taxation of allowances for diplomats and other government employees posted abroad,Tax expenditure,Employment,Structural,PIT,Personal income tax,35,35,30,35,45,50,n.a.,n.a.
"Non-taxation of benefits from private health and dental plans,Tax expenditure,Health,Non-structural,PIT,Personal income tax,""3,150"",""3,530"",""4,145"",""4,560"",""4,865"",""5,140"",""5,445"",""5,735"""
"Non-taxation of capital gains on donations of cultural property,Tax expenditure,""Donations, gifts, charities, and non-profit organizations"",Non-structural,TRU,Personal income tax – trusts,n.a.,n.a.,n.a.,n.a.,n.a.,n.a.,n.a.,n.a."
"Non-taxation of capital gains on donations of cultural property,Tax expenditure,""Donations, gifts, charities, and non-profit organizations"",Non-structural,PIT/TRU/CIT,Total,n.a.,n.a.,n.a.,n.a.,n.a.,n.a.,n.a.,n.a."
"Non-taxation of capital gains on donations of cultural property,Tax expenditure,""Donations, gifts, charities, and non-profit organizations"",Non-structural,PIT/TRU/CIT,Total tax assistance,n.a.,n.a.,n.a.,n.a.,n.a.,n.a.,n.a.,n.a."
"Non-taxation of capital gains on donations of cultural property,Tax expenditure,""Donations, gifts, charities, and non-profit organizations"",Non-structural,PIT/TRU,Total - personal income tax,n.a.,n.a.,n.a.,n.a.,n.a.,n.a.,n.a.,n.a."
"Non-taxation of capital gains on donations of cultural property,Tax expenditure,""Donations, gifts, charities, and non-profit organizations"",Non-structural,PIT,Personal income tax - individuals,5,5,4,4,10,5,5,5"
"Non-taxation of capital gains on donations of cultural property,Tax expenditure,""Donations, gifts, charities, and non-profit organizations"",Non-structural,CIT,Corporate income tax,n.a.,n.a.,n.a.,n.a.,n.a.,n.a.,n.a.,n.a."
"Non-taxation of capital gains on donations of ecologically sensitive land,Tax expenditure,""Donations, gifts, charities, and non-profit organizations"",Non-structural,TRU,Personal income tax – trusts,S,S,S,S,S,S,S,S"
"Non-taxation of capital gains on donations of ecologically sensitive land,Tax expenditure,""Donations, gifts, charities, and non-profit organizations"",Non-structural,PIT/TRU/CIT,Total,2,5,5,15,5,10,10,10"
"Non-taxation of capital gains on donations of ecologically sensitive land,Tax expenditure,""Donations, gifts, charities, and non-profit organizations"",Non-structural,PIT/TRU/CIT,Total tax assistance,10,15,25,45,25,30,30,30"
"Non-taxation of capital gains on donations of ecologically sensitive land,Tax expenditure,""Donations, gifts, charities, and non-profit organizations"",Non-structural,PIT/TRU,Total – personal income tax,2,3,4,5,5,4,4,4"
"Non-taxation of capital gains on donations of ecologically sensitive land,Tax expenditure,""Donations, gifts, charities, and non-profit organizations"",Non-structural,PIT,Personal income tax – individuals,2,3,4,5,5,4,4,4"
"Non-taxation of capital gains on donations of ecologically sensitive land,Tax expenditure,""Donations, gifts, charities, and non-profit organizations"",Non-structural,CIT,Corporate income tax,S,1,2,10,1,5,5,4"
"Non-taxation of capital gains on donations of publicly listed securities,Tax expenditure,""Donations, gifts, charities, and non-profit organizations"",Non-structural,TRU,Personal income tax – trusts,1,3,1,2,2,1,1,1"
"Non-taxation of capital gains on donations of publicly listed securities,Tax expenditure,""Donations, gifts, charities, and non-profit organizations"",Non-structural,PIT/TRU/CIT,Total,275,340,195,330,440,275,290,310"
"Non-taxation of capital gains on donations of publicly listed securities,Tax expenditure,""Donations, gifts, charities, and non-profit organizations"",Non-structural,PIT/TRU/CIT,Total tax assistance,n.a.,n.a.,n.a.,n.a.,n.a.,n.a.,n.a.,n.a."
"Non-taxation of capital gains on donations of publicly listed securities,Tax expenditure,""Donations, gifts, charities, and non-profit organizations"",Non-structural,PIT/TRU,Total – personal income tax,100,135,95,175,190,90,100,115"
"Non-taxation of capital gains on donations of publicly listed securities,Tax expenditure,""Donations, gifts, charities, and non-profit organizations"",Non-structural,PIT,Personal income tax – individuals,100,135,95,170,185,90,100,115"
"Non-taxation of capital gains on donations of publicly listed securities,Tax expenditure,""Donations, gifts, charities, and non-profit organizations"",Non-structural,CIT,Corporate income tax,175,210,100,155,255,185,190,200"
"Non-taxation of capital gains on principal residences,Tax expenditure,Housing,Non-structural,PIT,Personal income tax,""6,930"",""12,175"",""10,595"",""7,565"",""7,460"",""8,170"",""8,545"",""9,420"""
Non-taxation of certain veterans’ benefits,Tax expenditure,Income support,Non-structural,PIT,Personal income tax,195,190,180,180,185,185,190,190
Non-taxation of Guaranteed Income Supplement and Allowance benefits,Tax expenditure,Income support,Non-structural,PIT,Personal income tax,245,210,225,350,390,415,455,520
Non-taxation of income earned by military and police deployed to international operational missions,Tax expenditure,Employment,Non-structural,PIT,Personal income tax,30,35,35,40,50,60,n.a.,n.a.
"Non-taxation of non-profit organizations,Tax expenditure,""Donations, gifts, charities, and non-profit organizations"",Non-structural,PIT/CIT,Total,50,100,215,275,290,290,310,335"
Non-taxation of payments to Canadian Armed Forces members and veterans in respect of pain and suffering,Tax measure other than tax expenditure,Other,Structural,PIT,Personal income tax,300,395,400,445,605,655,550,505
Non-taxation of RCMP pensions and other compensation in respect of injury, disability or death,Tax expenditure,Income support,Non-structural,PIT,Personal income tax,55,70,80,100,110,125,140,155
Non-taxation of social assistance benefits,Tax expenditure,Income support,Non-structural,PIT,Personal income tax,425,370,300,340,390,400,420,450
Non-taxation of up to $10,000 of death benefits,Tax expenditure,Families and households,Non-structural,PIT,Personal income tax,5,5,5,10,10,10,10,10
"Non-taxation of workers’ compensation benefits,Tax expenditure,Income support,Non-structural,PIT,Personal income tax,830,855,880,945,975,980,985,""1,010"""
Northern Residents Deductions,Tax expenditure,Employment,Non-structural,PIT,Personal income tax,220,230,240,245,250,250,255,255
Partial deduction of and partial input tax credits for meals and entertainment,Tax measure other than tax expenditure,Business - other,Structural,PIT/CIT/GST,Total,500,500,755,905,990,895,900,940
Partial deduction of and partial input tax credits for meals and entertainment,Tax measure other than tax expenditure,Business - other,Structural,PIT,Personal income tax,150,185,250,275,295,270,270,280
Partial deduction of and partial input tax credits for meals and entertainment,Tax measure other than tax expenditure,Business - other,Structural,GST,Goods and Services Tax,130,120,180,225,245,220,220,230
Partial deduction of and partial input tax credits for meals and entertainment,Tax measure other than tax expenditure,Business - other,Structural,CIT,Corporate income tax,225,195,325,405,450,405,410,425
"Partial inclusion of capital gains,Tax expenditure,Savings and investment,Non-structural,TRU,Personal income tax – trusts,""1,545"",""2,600"",""1,535"",""1,205"",""1,400"",""1,440"",""1,495"",""1,565"""
"Partial inclusion of capital gains,Tax expenditure,Savings and investment,Non-structural,PIT/TRU/CIT,Total,""23,015"",""40,580"",""34,545"",""29,485"",""41,740"",""34,165"",""36,920"",""39,980"""
"Partial inclusion of capital gains,Tax expenditure,Savings and investment,Non-structural,PIT/TRU,Total – personal income tax,""11,515"",""22,135"",""15,580"",""14,520"",""17,180"",""17,615"",""18,275"",""19,170"""
"Partial inclusion of capital gains,Tax expenditure,Savings and investment,Non-structural,PIT,Personal income tax – individuals,""9,970"",""19,535"",""14,045"",""13,315"",""15,780"",""16,175"",""16,780"",""17,605"""
"Partial inclusion of capital gains,Tax expenditure,Savings and investment,Non-structural,CIT,Corporate income tax,""11,500"",""18,450"",""18,965"",""14,965"",""24,560"",""16,550"",""18,650"",""20,810"""
Patronage dividends paid as shares by agricultural cooperatives,Tax expenditure,Business - farming and fishing,Non-structural,PIT/CIT,Total,1,-2,-3,S,S,2,3,3
Patronage dividends paid as shares by agricultural cooperatives,Tax expenditure,Business - farming and fishing,Non-structural,PIT,Personal income tax,S,-1,-1,S,S,1,1,1
Patronage dividends paid as shares by agricultural cooperatives,Tax expenditure,Business - farming and fishing,Non-structural,CIT,Corporate income tax,S,-1,-2,S,S,2,2,2
"Pension Income Credit,Tax expenditure,Retirement,Non-structural,PIT,Personal income tax,""1,270"",""1,300"",""1,335"",""1,375"",""1,415"",""1,405"",""1,400"",""1,440"""
"Pension income splitting,Tax expenditure,Retirement,Non-structural,PIT,Personal income tax,""1,470"",""1,520"",""1,615"",""1,660"",""1,740"",""1,905"",""2,075"",""2,205"""
Personal Support Workers Tax Credit,Refundable tax credit classified as transfer payment,Health,N/A,PIT,Personal income tax, – , – , – , – , – , – ,280,290
Political Contribution Tax Credit,Tax expenditure,Social,Non-structural,PIT,Total – personal income tax,30,40,30,30,35,45,35,35
Pooled Registered Pension Plans,Tax expenditure,Retirement,Non-structural,PIT,Personal income tax,n.a.,n.a.,n.a.,n.a.,n.a.,n.a.,n.a.,n.a.
"Preferential tax rate for small businesses,Tax expenditure,Business - small businesses,Non-structural,CIT,Corporate income tax,""5,345"",""6,410"",""6,620"",""6,735"",""6,805"",""6,160"",""6,210"",""6,470"""
"Quarterly payments for families with young children entitled to the Canada Child Benefit (2021) – Children’s Benefits,Refundable tax credit classified as transfer payment,Families and households,N/A,PIT,Personal income tax,560,""1,680"",–,–,–,–,–,–"
Quebec Abatement,Tax measure other than tax expenditure,Intergovernmental tax arrangements,Structural,TRU,Personal income tax – trusts,135,215,125,150,190,190,200,195
"Quebec Abatement,Tax measure other than tax expenditure,Intergovernmental tax arrangements,Structural,PIT/TRU,Total – personal income tax,""5,650"",""6,485"",""6,780"",""7,015"",""7,725"",""7,910"",""8,190"",""8,585"""
"Quebec Abatement,Tax measure other than tax expenditure,Intergovernmental tax arrangements,Structural,PIT,Personal income tax – individuals,""5,515"",""6,270"",""6,655"",""6,865"",""7,535"",""7,715"",""7,990"",""8,395"""
Rate reduction for zero-emission technology manufacturers ,Tax expenditure,Environment,Non-structural,CIT,Total,–,–,1,10,35,40,45,50
Rebate for book purchases made by certain organizations,Tax expenditure,Education,Non-structural,GST,Goods and Services Tax,10,10,10,10,15,15,15,15
"Rebate for hospitals, facility operators and external suppliers,Tax expenditure,Health,Non-structural,GST,Goods and Services Tax,985,975,""1,060"",""1,205"",""1,290"",""1,285"",""1,320"",""1,365"""
"Rebate for municipalities,Tax expenditure,Intergovernmental tax arrangements,Structural,GST,Goods and Services Tax,""2,735"",""2,860"",""3,120"",""3,590"",""3,875"",""4,025"",""4,105"",""4,200"""
Rebate for new housing,Tax expenditure,Housing,Non-structural,GST,Goods and Services Tax,205,175,125,85,85,75,70,70
Rebate for new residential rental property,Tax expenditure,Housing,Non-structural,GST,Goods and Services Tax,225,250,265,270,305,360,420,345
"Rebate for poppies and wreaths,Tax expenditure,""Donations, gifts, charities, and non-profit organizations"",Non-structural,GST,Goods and Services Tax,X,X,X,X,X,X,X,X"
"Rebate for qualifying non-profit organizations,Tax expenditure,""Donations, gifts, charities, and non-profit organizations"",Non-structural,GST,Goods and Services Tax,80,90,100,110,115,120,125,130"
"Rebate for registered charities,Tax expenditure,""Donations, gifts, charities, and non-profit organizations"",Non-structural,GST,Goods and Services Tax,300,340,400,450,465,485,505,525"
"Rebate for schools, colleges and universities,Tax expenditure,Education,Non-structural,GST,Total – Goods and Services Tax,795,875,""1,000"",""1,110"",""1,190"",""1,185"",""1,220"",""1,260"""
Rebate for schools, colleges and universities,Tax expenditure,Education,Non-structural,GST,Rebate for schools,450,505,575,635,680,680,695,720
Rebate for schools, colleges and universities,Tax expenditure,Education,Non-structural,GST,Rebate for colleges,95,105,125,155,165,165,170,175
Rebate for schools, colleges and universities,Tax expenditure,Education,Non-structural,GST,Rebate for universities,245,270,300,320,345,345,355,365
Rebate for specially equipped motor vehicles,Tax expenditure,Health,Non-structural,GST,Goods and Services Tax,S,S,S,S,S,S,S,S
Rebate to employees and partners,Tax expenditure,Employment,Structural,GST,Goods and Services Tax,40,40,40,40,45,45,55,60
Reclassification of expenses under flow-through shares,Tax expenditure,Business - natural resources,Non-structural,PIT/CIT,Total,-3,-2,-1,-1,-1,S,S,S
Reclassification of expenses under flow-through shares,Tax expenditure,Business - natural resources,Non-structural,PIT,Personal income tax,-2,-2,-1,-1,-1,S,S,S
Reclassification of expenses under flow-through shares,Tax expenditure,Business - natural resources,Non-structural,CIT,Corporate income tax,S,S,S,S,S,S,S,S
"Refundable capital gains tax for investment corporations, mutual fund corporations and mutual fund trusts,Tax measure other than tax expenditure,Savings and investment,Structural,TRU/CIT,Total,""7,265"",""10,350"",""4,900"",""6,435"",""7,715"",""8,255"",""8,560"",""8,965"""
"Refundable capital gains tax for investment corporations, mutual fund corporations and mutual fund trusts,Tax measure other than tax expenditure,Savings and investment,Structural,TRU,Mutual fund trusts – personal income tax,""6,155"",""8,375"",""3,690"",""5,930"",""6,900"",""7,090"",""7,360"",""7,715"""
"Refundable capital gains tax for investment corporations, mutual fund corporations and mutual fund trusts,Tax measure other than tax expenditure,Savings and investment,Structural,CIT,Investment and mutual fund corporations – corporate income tax,""1,110"",""1,975"",""1,210"",505,815,""1,165"",""1,200"",""1,250"""
Refundable Medical Expense Supplement,Refundable tax credit classified as transfer payment,Health,N/A,PIT,Personal income tax,120,150,185,215,230,240,245,245
"Refundable taxes on investment income of private corporations,Tax measure other than tax expenditure,Other,Structural,CIT,Total – corporate income tax,""-3,440"",""-5,420"",""-6,440"",""-5,620"",""-10,390"",""-10,440"",""-10,000"",""-10,250"""
"Refundable taxes on investment income of private corporations,Tax measure other than tax expenditure,Other,Structural,CIT,Additional Part I tax,""-7,760"",""-10,510"",""-12,250"",""-12,160"",""-17,730"",""-11,950"",""-13,465"",""-15,025"""
"Refundable taxes on investment income of private corporations,Tax measure other than tax expenditure,Other,Structural,CIT,Part IV tax,""-7,110"",""-8,410"",""-9,810"",""-11,930"",""-13,205"",""-12,340"",""-12,140"",""-12,640"""
"Refundable taxes on investment income of private corporations,Tax measure other than tax expenditure,Other,Structural,CIT,Dividend refund,""11,430"",""13,500"",""15,620"",""18,470"",""20,550"",""13,850"",""15,605"",""17,410"""
Refunds for Indigenous self-governments,Tax expenditure,Intergovernmental tax arrangements,Structural,GST,Goods and Services Tax,10,15,20,20,20,20,20,20
Registered Disability Savings Plans,Tax expenditure,Health,Non-structural,PIT,Personal income tax,65,90,90,100,110,130,150,165
Registered Education Savings Plans,Tax expenditure,Education,Non-structural,PIT,Personal income tax,110,130,170,235,330,475,590,645
"Registered Pension Plans,Tax expenditure,Retirement,Non-structural,PIT,Total – personal income tax,""22,755"",""27,735"",""19,500"",""21,555"",""25,870"",""24,825"",""25,360"",""26,005"""
"Registered Pension Plans,Tax expenditure,Retirement,Non-structural,PIT,Deduction for contributions,""16,550"",""16,700"",""17,690"",""17,860"",""18,435"",""19,030"",""19,570"",""20,365"""
"Registered Pension Plans,Tax expenditure,Retirement,Non-structural,PIT,Non-taxation of investment income,""18,600"",""24,660"",""15,540"",""18,580"",""23,305"",""22,440"",""23,290"",""24,365"""
"Registered Pension Plans,Tax expenditure,Retirement,Non-structural,PIT,Taxation of withdrawals,""-12,395"",""-13,625"",""-13,730"",""-14,880"",""-15,875"",""-16,645"",""-17,500"",""-18,725"""
"Registered Retirement Savings Plans,Tax expenditure,Retirement,Non-structural,PIT,Total – personal income tax,""12,880"",""19,610"",""11,440"",""13,035"",""15,650"",""16,720"",""17,355"",""18,510"""
"Registered Retirement Savings Plans,Tax expenditure,Retirement,Non-structural,PIT,Deduction for contributions,""11,160"",""12,865"",""12,480"",""12,690"",""13,595"",""13,855"",""14,105"",""14,595"""
"Registered Retirement Savings Plans,Tax expenditure,Retirement,Non-structural,PIT,Non-taxation of investment income,""9,545"",""15,750"",""8,890"",""10,845"",""13,470"",""14,855"",""15,885"",""17,425"""
"Registered Retirement Savings Plans,Tax expenditure,Retirement,Non-structural,PIT,Taxation of withdrawals,""-7,825"",""-9,000"",""-9,930"",""-10,495"",""-11,410"",""-11,990"",""-12,635"",""-13,510"""
Rollovers of investments in small businesses,Tax expenditure,Business - small businesses,Non-structural,PIT,Personal income tax,10,15,10,15,5,15,15,15
Saskatchewan Pension Plan,Tax expenditure,Retirement,Non-structural,PIT,Personal income tax,n.a.,n.a.,n.a.,n.a.,n.a.,n.a.,n.a.,n.a.
"Scientific Research and Experimental Development Investment Tax Credit,Refundable tax credit classified as transfer payment,Business - research and development,N/A,CIT,Corporate income tax – Refundable portion,""1,845"",""1,985"",""2,250"",""2,445"",""2,735"",""3,205"",""3,295"",""3,420"""
"Scientific Research and Experimental Development Investment Tax Credit,Tax expenditure,Business - research and development,Non-structural,PIT/CIT,Total,""3,140"",""3,515"",""4,165"",""4,360"",""4,940"",""5,175"",""5,335"",""5,550"""
Scientific Research and Experimental Development Investment Tax Credit,Tax expenditure,Business - research and development,Non-structural,PIT,Total – personal income tax,1,1,1,1,1,1,1,1
"Scientific Research and Experimental Development Investment Tax Credit,Tax expenditure,Business - research and development,Non-structural,CIT,Total – corporate income tax,""3,140"",""3,515"",""4,165"",""4,360"",""4,940"",""5,175"",""5,330"",""5,550"""
"Scientific Research and Experimental Development Investment Tax Credit,Tax expenditure,Business - research and development,Non-structural,CIT,Corporate income tax – Non-refundable portion – Total,""1,295"",""1,530"",""1,910"",""1,915"",""2,205"",""1,970"",""2,035"",""2,130"""
Scientific Research and Experimental Development Investment Tax Credit,Tax expenditure,Business - research and development,Non-structural,CIT,Corporate income tax – Non-refundable portion – Earned and claimed in current year,475,515,670,710,815,530,550,585
"Scientific Research and Experimental Development Investment Tax Credit,Tax expenditure,Business - research and development,Non-structural,CIT,Corporate income tax – Non-refundable portion – Claimed in current year but earned in prior years,770,990,""1,195"",""1,145"",""1,360"",""1,410"",""1,450"",""1,510"""
Scientific Research and Experimental Development Investment Tax Credit,Tax expenditure,Business - research and development,Non-structural,CIT,Corporate income tax – Non-refundable portion – Earned in current year but carried back to prior years,50,25,45,65,30,30,35,35
Search and Rescue Volunteers Tax Credit,Tax expenditure,Social,Non-structural,PIT,Personal income tax,2,2,2,3,5,5,5,5
Small Businesses Air Quality Improvement Tax Credit,Refundable tax credit classified as transfer payment,Health,N/A,PIT/CIT,Total,–,–,3,5,–,–,–,–
Small Businesses Air Quality Improvement Tax Credit,Refundable tax credit classified as transfer payment,Health,N/A,PIT,Personal Income Tax,–,–,2,5,–,–,–,–
Small Businesses Air Quality Improvement Tax Credit,Refundable tax credit classified as transfer payment,Health,N/A,CIT,Corporate Income Tax,–,–,1,S,–,–,–,–
Small suppliers’ threshold,Tax expenditure,Business - small businesses,Structural,GST,Total,180,205,260,255,260,265,270,275
Special tax computation for certain retroactive lump-sum payments,Tax measure other than tax expenditure,Other,Structural,PIT,Personal income tax,S,1,1,1,10,1,1,1
"Spouse or Common-Law Partner Credit,Tax expenditure,Families and households,Structural,PIT,Personal income tax,""1,685"",""1,840"",""2,090"",""2,285"",""2,460"",""2,450"",""2,405"",""2,465"""
Student Loan Interest Credit,Tax expenditure,Education,Non-structural,PIT,Personal income tax,25,20,15,25,25,25,25,25
Targeted Temporary GST/HST Relief ,Tax expenditure,Families and households,Non-structural,GST,Goods and Services Tax,-,-,-,-,445,840,-,-
Tax on Repurchases of Equity,Tax expenditure,Business - other,Non-structural,CIT,Corporate Income Tax,–,–,–,–,-685,-725,-765,-810
Tax status of certain federal Crown corporations,Tax expenditure,Business - other,Structural,CIT,Corporate income tax,X,X,X,X,X,X,X,X
Tax treatment of alimony and maintenance payments,Tax expenditure,Families and households,Non-structural,PIT,Personal income tax,100,105,105,105,105,110,115,115
"Tax treatment of Canada Pension Plan and Quebec Pension Plan contributions and benefits,Tax measure other than tax expenditure,Employment,Structural,PIT,Total – personal income tax,""11,845"",""13,860"",""15,725"",""17,615"",""19,235"",""20,260"",""20,710"",""21,530"""
"Tax treatment of Canada Pension Plan and Quebec Pension Plan contributions and benefits,Tax measure other than tax expenditure,Employment,Structural,PIT,Tax recognition for employee-paid contributions,""4,765"",""5,525"",""6,370"",""7,245"",""7,975"",""8,350"",""8,420"",""8,745"""
"Tax treatment of Canada Pension Plan and Quebec Pension Plan contributions and benefits,Tax measure other than tax expenditure,Employment,Structural,PIT,Non-taxation of employer-paid premiums,""7,080"",""8,335"",""9,355"",""10,370"",""11,260"",""11,910"",""12,290"",""12,785"""
"Tax treatment of Employment Insurance and Quebec Parental Insurance Plan premiums and benefits,Tax measure other than tax expenditure,Employment,Structural,PIT,Total – personal income tax,""4,180"",""4,620"",""5,075"",""5,580"",""6,010"",""6,070"",""6,110"",""6,340"""
"Tax treatment of Employment Insurance and Quebec Parental Insurance Plan premiums and benefits,Tax measure other than tax expenditure,Employment,Structural,PIT,Credit for employee-paid premiums,""1,345"",""1,445"",""1,595"",""1,765"",""1,905"",""1,885"",""1,855"",""1,920"""
"Tax treatment of Employment Insurance and Quebec Parental Insurance Plan premiums and benefits,Tax measure other than tax expenditure,Employment,Structural,PIT,Non-taxation of employer-paid premiums,""2,835"",""3,175"",""3,480"",""3,815"",""4,105"",""4,185"",""4,255"",""4,420"""
Tax treatment of farm savings accounts (AgriInvest and Agri-Québec),Tax expenditure,Business - farming and fishing,Non-structural,PIT/CIT,Total,4,10,5,10,4,n.a.,n.a.,n.a.
Tax treatment of farm savings accounts (AgriInvest and Agri-Québec),Tax expenditure,Business - farming and fishing,Non-structural,PIT/CIT,Total – AgriInvest program,1,10,5,10,4,n.a.,n.a.,n.a.
Tax treatment of farm savings accounts (AgriInvest and Agri-Québec),Tax expenditure,Business - farming and fishing,Non-structural,PIT/CIT,Total – Agri-Québec program,3,3,S,S,S,n.a.,n.a.,n.a.
Tax treatment of farm savings accounts (AgriInvest and Agri-Québec),Tax expenditure,Business - farming and fishing,Non-structural,PIT,Total – personal income tax,3,10,5,10,2,n.a.,n.a.,n.a.
Tax treatment of farm savings accounts (AgriInvest and Agri-Québec),Tax expenditure,Business - farming and fishing,Non-structural,PIT,AgriInvest program – Personal income tax,1,10,5,10,3,n.a.,n.a.,n.a.
Tax treatment of farm savings accounts (AgriInvest and Agri-Québec),Tax expenditure,Business - farming and fishing,Non-structural,PIT,Agri-Québec program – Personal income tax,2,2,S,S,S,n.a.,n.a.,n.a.
Tax treatment of farm savings accounts (AgriInvest and Agri-Québec),Tax expenditure,Business - farming and fishing,Non-structural,CIT,Total – corporate income tax,1,2,1,1,1,n.a.,n.a.,n.a.
Tax treatment of farm savings accounts (AgriInvest and Agri-Québec),Tax expenditure,Business - farming and fishing,Non-structural,CIT,AgriInvest program – Corporate income tax,S,1,1,1,1,n.a.,n.a.,n.a.
Tax treatment of farm savings accounts (AgriInvest and Agri-Québec),Tax expenditure,Business - farming and fishing,Non-structural,CIT,Agri-Québec program – Corporate income tax,1,1,S,S,S,n.a.,n.a.,n.a.
Tax treatment of investment income from life insurance policies,Tax expenditure,Savings and investment,Structural,PIT,Personal income tax,235,230,245,270,320,330,365,405
Tax-free amount for emergency services volunteers,Tax expenditure,Social,Non-structural,PIT,Personal income tax,3,3,3,3,3,3,3,3
"Tax-Free First Home Savings Account,Tax expenditure,Housing,Non-structural,PIT,Personal income tax, – , – , – ,545,""1,110"",""1,250"",""1,410"",""1,585"""
"Tax-Free Savings Account,Tax expenditure,Savings and investment,Non-structural,PIT,Personal income tax,""1,700"",""3,220"",""2,005"",""2,665"",""3,675"",""4,050"",""4,695"",""5,505"""
Teacher and Early Childhood Educator School Supply Tax Credit,Refundable tax credit classified as transfer payment,Education,N/A,PIT,Personal income tax,5,10,10,15,15,15,15,15
Textbook Tax Credit,Tax expenditure,Education,Structural,PIT,Personal income tax,30,20,5,S,S,S,S,S
"Top-Up Tax Credit,Tax expenditure,Social,Non-structural,PIT,Personal income tax, – , – , – , – , – ,""5"",""15"",""15"""
"Tourism and Hospitality Recovery Program,Refundable tax credit classified as transfer payment,Employment,N/A,PIT/CIT,Total,–,""1,050"",""1,640"",–,–,–,–,–"
"Transfer of income tax points to provinces,Tax measure other than tax expenditure,Intergovernmental tax arrangements,Structural,TRU,Personal income tax – trusts,""1,050"",""1,470"",845,""1,115"",""1,300"",""1,360"",""1,395"",""1,365"""
"Transfer of income tax points to provinces,Tax measure other than tax expenditure,Intergovernmental tax arrangements,Structural,PIT/TRU/CIT,Total,""30,860"",""35,875"",""37,005"",""39,105"",""42,645"",""43,440"",""44,975"",""47,115"""
"Transfer of income tax points to provinces,Tax measure other than tax expenditure,Intergovernmental tax arrangements,Structural,PIT/TRU,Total – personal income tax,""27,180"",""30,625"",""31,625"",""33,470"",""36,595"",""37,385"",""38,710"",""40,595"""
"Transfer of income tax points to provinces,Tax measure other than tax expenditure,Intergovernmental tax arrangements,Structural,PIT,Personal income tax – individuals,""26,130"",""29,155"",""30,780"",""32,355"",""35,295"",""36,025"",""37,315"",""39,235"""
"Transfer of income tax points to provinces,Tax measure other than tax expenditure,Intergovernmental tax arrangements,Structural,CIT,Corporate income tax,""3,680"",""5,250"",""5,380"",""5,640"",""6,045"",""6,050"",""6,265"",""6,520"""
Travellers’ exemption,Tax expenditure,International,Structural,GST,Goods and Services Tax,80,95,290,315,355,300,315,325
"Tuition Tax Credit,Tax expenditure,Education,Structural,PIT,Personal income tax,""2,100"",""2,065"",""2,030"",""2,360"",""2,360"",""2,385"",""2,410"",""2,435"""
Volunteer Firefighters Tax Credit,Tax expenditure,Social,Non-structural,PIT,Personal income tax,15,20,15,20,35,35,35,35
"Zero-rating of basic groceries,Tax expenditure,Social,Non-structural,GST,Goods and Services Tax,""5,375"",""5,480"",""5,870"",""6,350"",""6,620"",""6,895"",""7,140"",""7,410"""
Zero-rating of face masks and face shields,Tax expenditure,Health,Non-structural,GST,Goods and Services Tax,5,85,70,50,45,–,–,–
Zero-rating of feminine hygiene products,Tax expenditure,Families and households,Non-structural,GST,Goods and Services Tax,45,45,50,55,55,60,60,65
"Zero-rating of medical and assistive devices,Tax expenditure,Health,Non-structural,GST,Goods and Services Tax,620,730,795,850,905,950,975,""1,000"""
"Zero-rating of prescription drugs,Tax expenditure,Health,Non-structural,GST,Goods and Services Tax,945,""1,040"",""1,135"",""1,220"",""1,260"",""1,315"",""1,350"",""1,395"""
,,,,,,,,,,,,,
,,,,,,,,,,,,,
,,,,,,,,,,,,,
,,,,,,,,,,,,,
,,,,,,,,,,,,,
,,,,,,,,,,,,,
,,,,,,,,,,,,,
,,,,,,,,,,,,,
,,,,,,,,,,,,,
,,,,,,,,,,,,,
,,,,,,,,,,,,,
,,,,,,,,,,,,,
,,,,,,,,,,,,,
,,,,,,,,,,,,,
,,,,,,,,,,,,,
,,,,,,,,,,,,,
,,,,,,,,,,,,,
,,,,,,,,,,,,,
,,,,,,,,,,,,,
,,,,,,,,,,,,,
,,,,,,,,,,,,,
,,,,,,,,,,,,,
,,,,,,,,,,,,,
,,,,,,,,,,,,,
,,,,,,,,,,,,,
,,,,,,,,,,,,,
,,,,,,,,,,,,,
,,,,,,,,,,,,,
,,,,,,,,,,,,,
,,,,,,,,,,,,,
,,,,,,,,,,,,,
,,,,,,,,,,,,,
,,,,,,,,,,,,,
,,,,,,,,,,,,,
,,,,,,,,,,,,,
,,,,,,,,,,,,,
,,,,,,,,,,,,,
,,,,,,,,,,,,,
,,,,,,,,,,,,,
,,,,,,,,,,,,,
,,,,,,,,,,,,,
,,,,,,,,,,,,,
,,,,,,,,,,,,,
,,,,,,,,,,,,,
,,,,,,,,,,,,,
,,,,,,,,,,,,,
,,,,,,,,,,,,,
,,,,,,,,,,,,,
,,,,,,,,,,,,,
,,,,,,,,,,,,,
,,,,,,,,,,,,,
,,,,,,,,,,,,,
,,,,,,,,,,,,,
,,,,,,,,,,,,,
,,,,,,,,,,,,,
,,,,,,,,,,,,,
,,,,,,,,,,,,,
,,,,,,,,,,,,,
,,,,,,,,,,,,,
,,,,,,,,,,,,,
,,,,,,,,,,,,,
,,,,,,,,,,,,,
,,,,,,,,,,,,,
,,,,,,,,,,,,,
,,,,,,,,,,,,,
,,,,,,,,,,,,,
,,,,,,,,,,,,,
,,,,,,,,,,,,,
,,,,,,,,,,,,,
,,,,,,,,,,,,,
,,,,,,,,,,,,,
,,,,,,,,,,,,,
,,,,,,,,,,,,,
,,,,,,,,,,,,,
,,,,,,,,,,,,,
,,,,,,,,,,,,,
,,,,,,,,,,,,,
,,,,,,,,,,,,,
,,,,,,,,,,,,,
,,,,,,,,,,,,,
,,,,,,,,,,,,,
,,,,,,,,,,,,,
,,,,,,,,,,,,,
,,,,,,,,,,,,,
,,,,,,,,,,,,,
,,,,,,,,,,,,,
,,,,,,,,,,,,,
,,,,,,,,,,,,,
,,,,,,,,,,,,,
,,,,,,,,,,,,,
,,,,,,,,,,,,,
,,,,,,,,,,,,,
,,,,,,,,,,,,,
,,,,,,,,,,,,,
,,,,,,,,,,,,,
,,,,,,,,,,,,,
,,,,,,,,,,,,,
,,,,,,,,,,,,,
,,,,,,,,,,,,,
,,,,,,,,,,,,,
,,,,,,,,,,,,,
,,,,,,,,,,,,,
,,,,,,,,,,,,,
,,,,,,,,,,,,,
,,,,,,,,,,,,,
,,,,,,,,,,,,,
,,,,,,,,,,,,,
,,,,,,,,,,,,,
,,,,,,,,,,,,,
,,,,,,,,,,,,,
,,,,,,,,,,,,,
,,,,,,,,,,,,,
,,,,,,,,,,,,,
,,,,,,,,,,,,,
,,,,,,,,,,,,,
,,,,,,,,,,,,,
,,,,,,,,,,,,,
,,,,,,,,,,,,,
,,,,,,,,,,,,,
,,,,,,,,,,,,,
,,,,,,,,,,,,,
,,,,,,,,,,,,,
,,,,,,,,,,,,,
,,,,,,,,,,,,,
,,,,,,,,,,,,,
,,,,,,,,,,,,,
,,,,,,,,,,,,,
,,,,,,,,,,,,,
,,,,,,,,,,,,,
,,,,,,,,,,,,,
,,,,,,,,,,,,,
,,,,,,,,,,,,,
,,,,,,,,,,,,,
,,,,,,,,,,,,,
,,,,,,,,,,,,,
,,,,,,,,,,,,,
,,,,,,,,,,,,,
,,,,,,,,,,,,,
,,,,,,,,,,,,,
,,,,,,,,,,,,,
,,,,,,,,,,,,,
,,,,,,,,,,,,,
,,,,,,,,,,,,,
,,,,,,,,,,,,,
,,,,,,,,,,,,,
,,,,,,,,,,,,,
,,,,,,,,,,,,,
,,,,,,,,,,,,,
,,,,,,,,,,,,,
,,,,,,,,,,,,,
