MESURE,GROUPE,THÈME,CATÉGORIE,IMPÔT OU TAXE,DÉTAILS,2020,2021,2022,2023,2024,2025,2026,2027
"Abattement d’impôt du Québec,Mesures fiscales ne constituant pas des dépenses fiscales,Arrangements fiscaux intergouvernementaux,Mesures structurelles,IRP,Impôt sur le revenu des particuliers–particuliers,""5,515"",""6,270"",""6,655"",""6,865"",""7,535"",""7,715"",""7,990"",""8,395"""
Abattement d’impôt du Québec,Mesures fiscales ne constituant pas des dépenses fiscales,Arrangements fiscaux intergouvernementaux,Mesures structurelles,FID,Impôt sur le revenu des particuliers–fiducies,135,215,125,150,190,190,200,195
"Abattement d’impôt du Québec,Mesures fiscales ne constituant pas des dépenses fiscales,Arrangements fiscaux intergouvernementaux,Mesures structurelles,IRP/FID,Total–impôt sur le revenu des particuliers,""5,650"",""6,485"",""6,780"",""7,015"",""7,725"",""7,910"",""8,190"",""8,585"""
"Allocation canadienne pour enfants,Crédits d'impôt remboursables classés comme des paiements de transfert,Familles et ménages,S/O,IRP,Impôt sur le revenu des particuliers,""26,800"",""24,500"",""24,600"",""26,400"",""28,600"",""30,100"",""31,000"",""31,700"""
"Paiements trimestriels pour les familles ayant des enfants admissibles à l’Allocation canadienne pour enfants (2021)–prestations pour enfants,Crédits d'impôt remboursables classés comme des paiements de transfert,Familles et ménages,S/O,IRP,Impôt sur le revenu des particuliers,560,""1,680"",–,–,–,–,–,–"
"Allocation canadienne pour les travailleurs,Crédits d'impôt remboursables classés comme des paiements de transfert,Emploi,S/O,IRP,Impôt sur le revenu des particuliers,900,""2,400"",""3,290"",""4,465"",""5,110"",""5,215"",""5,215"",""5,215"""
Calcul spécial de l’impôt sur certains paiements forfaitaires rétroactifs,Mesures fiscales ne constituant pas des dépenses fiscales,Autres,Mesures structurelles,IRP,Impôt sur le revenu des particuliers,F,1,1,1,10,1,1,1
"Compte d’épargne libre d’impôt,Dépenses fiscales,Épargne et investissement,Mesures non structurelles,IRP,Impôt sur le revenu des particuliers,""1,700"",""3,220"",""2,005"",""2,665"",""3,675"",""4,050"",""4,695"",""5,505"""
"Compte d’épargne libre d’impôt pour l’achat d’une première propriété,Dépenses fiscales,Logement,Mesures non structurelles,IRP,Impôt sur le revenu des particuliers,–,–,–,545,""1,110"",""1,250"",""1,410"",""1,585"""
Congé temporaire ciblé de la TPS/TVH,Dépenses fiscales,Familles et ménages,Mesures non structurelles,TPS,Taxe sur les produits et services,–,–,–,–,445,840,–,–
Crédit canadien pour aidant naturel,Dépenses fiscales,Familles et ménages,Mesures structurelles,IRP,Impôt sur le revenu des particuliers,240,245,250,275,290,295,300,305
"Crédit canadien pour emploi,Dépenses fiscales,Emploi,Mesures structurelles,IRP,Impôt sur le revenu des particuliers,""2,750"",""2,755"",""2,830"",""3,090"",""3,325"",""3,300"",""3,245"",""3,325"""
Crédit canadien pour la formation,Crédits d'impôt remboursables classés comme des paiements de transfert,Emploi,S/O,IRP,Impôt sur le revenu des particuliers,100,180,215,245,250,270,290,310
Crédit d’impôt à l’investissement dans l’hydrogène propre,Crédits d'impôt remboursables classés comme des paiements de transfert,Environnement,S/O,IRS,Impôt sur le revenu des sociétés,–,–,–,F,F,F,425,675
Crédit d’impôt à l’investissement dans la chaîne d’approvisionnement de véhicules électriques,Crédits d'impôt remboursables classés comme des paiements de transfert,Environnement,S/O,IRS,Impôt sur le revenu des sociétés,–,–,–,–,–,–,–,–
Crédit d’impôt à l’investissement dans la fabrication de technologies propres,Crédits d'impôt remboursables classés comme des paiements de transfert,Environnement,S/O,IRS,Impôt sur le revenu des sociétés,–,–,–,–,200,300,395,540
Crédit d’impôt à l’investissement dans la recherche scientifique et le développement expérimental,Dépenses fiscales,Entreprises - recherche et développement,Mesures non structurelles,IRP,Impôt sur le revenu des particuliers–particuliers,1,1,1,1,1,1,1,1
"Crédit d’impôt à l’investissement dans la recherche scientifique et le développement expérimental,Dépenses fiscales,Entreprises - recherche et développement,Mesures non structurelles,IRS,Total–impôt sur le revenu des sociétés,""3,140"",""3,515"",""4,165"",""4,360"",""4,940"",""5,175"",""5,330"",""5,550"""
"Crédit d’impôt à l’investissement dans la recherche scientifique et le développement expérimental,Dépenses fiscales,Entreprises - recherche et développement,Mesures non structurelles,IRS,Impôt sur le revenu des sociétés–Partie non remboursable–Total,""1,295"",""1,530"",""1,910"",""1,915"",""2,205"",""1,970"",""2,035"",""2,130"""
Crédit d’impôt à l’investissement dans la recherche scientifique et le développement expérimental,Dépenses fiscales,Entreprises - recherche et développement,Mesures non structurelles,IRS,Impôt sur le revenu des sociétés–Partie non remboursable–Acquis et demandé dans l’année en cours,475,515,670,710,815,530,550,585
"Crédit d’impôt à l’investissement dans la recherche scientifique et le développement expérimental,Dépenses fiscales,Entreprises - recherche et développement,Mesures non structurelles,IRS,Impôt sur le revenu des sociétés–Partie non remboursable–Demandé pour l’année en cours mais acquis antérieurement,770,990,""1,195"",""1,145"",""1,360"",""1,410"",""1,450"",""1,510"""
Crédit d’impôt à l’investissement dans la recherche scientifique et le développement expérimental,Dépenses fiscales,Entreprises - recherche et développement,Mesures non structurelles,IRS,Impôt sur le revenu des sociétés–Partie non remboursable–Acquis dans l’année en cours mais reporté à des années antérieures,50,25,45,65,30,30,35,35
"Crédit d’impôt à l’investissement dans la recherche scientifique et le développement expérimental,Crédits d'impôt remboursables classés comme des paiements de transfert,Entreprises - recherche et développement,S/O,IRS,Impôt sur le revenu des sociétés–Partie remboursable,""1,845"",""1,985"",""2,250"",""2,445"",""2,735"",""3,205"",""3,295"",""3,420"""
"Crédit d’impôt à l’investissement dans la recherche scientifique et le développement expérimental,Dépenses fiscales,Entreprises - recherche et développement,Mesures non structurelles,IRP/FID/IRS,Total,""3,140"",""3,515"",""4,165"",""4,360"",""4,940"",""5,175"",""5,335"",""5,550"""
Crédit d’impôt à l’investissement dans la région de l’Atlantique,Dépenses fiscales,Entreprises - autres,Mesures non structurelles,IRP,Impôt sur le revenu des particuliers–particuliers,10,10,10,10,5,10,10,10
Crédit d’impôt à l’investissement dans la région de l’Atlantique,Dépenses fiscales,Entreprises - autres,Mesures non structurelles,IRS,Total–impôt sur le revenu des sociétés,125,210,350,200,250,235,235,245
Crédit d’impôt à l’investissement dans la région de l’Atlantique,Dépenses fiscales,Entreprises - autres,Mesures non structurelles,IRS,Impôt sur le revenu des sociétés–Partie non remboursable–Total,100,185,325,165,215,200,200,210
Crédit d’impôt à l’investissement dans la région de l’Atlantique,Dépenses fiscales,Entreprises - autres,Mesures non structurelles,IRS,Impôt sur le revenu des sociétés–Partie non remboursable–Acquis et demandé dans l’année en cours,45,55,100,75,110,100,100,105
Crédit d’impôt à l’investissement dans la région de l’Atlantique,Dépenses fiscales,Entreprises - autres,Mesures non structurelles,IRS,Impôt sur le revenu des sociétés–Partie non remboursable–Demandé pour l’année en cours mais acquis antérieurement,45,125,220,65,90,80,80,85
Crédit d’impôt à l’investissement dans la région de l’Atlantique,Dépenses fiscales,Entreprises - autres,Mesures non structurelles,IRS,Impôt sur le revenu des sociétés–Partie non remboursable–Acquis dans l’année en cours mais reporté à des années antérieures,10,5,10,25,15,20,20,20
Crédit d’impôt à l’investissement dans la région de l’Atlantique,Crédits d'impôt remboursables classés comme des paiements de transfert,Entreprises - autres,S/O,IRS,Impôt sur le revenu des sociétés–Partie remboursable,25,25,25,35,30,35,35,35
Crédit d’impôt à l’investissement dans la région de l’Atlantique,Dépenses fiscales,Entreprises - autres,Mesures non structurelles,IRP/FID/IRS,Total,135,220,360,205,255,245,245,255
"Crédit d’impôt à l’investissement dans les technologies propres,Crédits d'impôt remboursables classés comme des paiements de transfert,Environnement,S/O,IRS,Impôt sur le revenu des sociétés,–,–,–,350,445,""1,050"",""1,090"",""1,130"""
Crédit d’impôt à l’investissement pour des places en garderie,Dépenses fiscales,Familles et ménages,Mesures non structurelles,IRP,Impôt sur le revenu des particuliers–particuliers,F,F,F,F,F,F,F,F
Crédit d’impôt à l’investissement pour des places en garderie,Dépenses fiscales,Familles et ménages,Mesures non structurelles,IRS,Impôt sur le revenu des sociétés,X,X,X,X,X,X,X,X
Crédit d’impôt à l’investissement pour des places en garderie,Dépenses fiscales,Familles et ménages,Mesures non structurelles,IRP/FID/IRS,Total,X,X,X,X,X,X,X,X
Crédit d’impôt à l’investissement pour le captage, l’utilisation et le stockage du carbone,Crédits d'impôt remboursables classés comme des paiements de transfert,Environnement,S/O,IRS,Impôt sur le revenu des sociétés,–,–,15,40,40,125,425,865
"Crédit d’impôt compensatoire,Dépenses fiscales,Social,Mesures non structurelles,IRP,Impôt sur le revenu des particuliers,–,–,–,–,–,""5"",""15"",""15"""
Crédit d’impôt des sociétés pour exploration et développement miniers,Dépenses fiscales,Entreprises - ressources naturelles,Mesures non structurelles,IRS,Impôt sur le revenu des sociétés,45,15,40,-1,25,15,15,15
Crédit d’impôt pour contributions politiques,Dépenses fiscales,Social,Mesures non structurelles,IRP,Impôt sur le revenu des particuliers–particuliers,30,40,30,30,35,45,35,35
"Crédit d’impôt pour don de bienfaisance,Dépenses fiscales,""Dons de bienfaisance, autres dons, organismes de bienfaisance et organismes à but non lucratif"",Mesures non structurelles,IRP,Impôt sur le revenu des particuliers–particuliers–total,""3,290"",""3,615"",""3,690"",""4,010"",""4,090"",""3,940"",""4,165"",""4,285"""
"Crédit d’impôt pour don de bienfaisance,Dépenses fiscales,""Dons de bienfaisance, autres dons, organismes de bienfaisance et organismes à but non lucratif"",Mesures non structurelles,IRP,Titres cotés en bourse,350,450,350,575,585,300,335,390"
"Crédit d’impôt pour don de bienfaisance,Dépenses fiscales,""Dons de bienfaisance, autres dons, organismes de bienfaisance et organismes à but non lucratif"",Mesures non structurelles,IRP,Terres écosensibles,10,10,15,20,15,15,15,15"
"Crédit d’impôt pour don de bienfaisance,Dépenses fiscales,""Dons de bienfaisance, autres dons, organismes de bienfaisance et organismes à but non lucratif"",Mesures non structurelles,IRP,Biens culturels,15,15,15,10,30,15,15,15"
"Crédit d’impôt pour don de bienfaisance,Dépenses fiscales,""Dons de bienfaisance, autres dons, organismes de bienfaisance et organismes à but non lucratif"",Mesures non structurelles,IRP,Autres,""2,915"",""3,140"",""3,310"",""3,405"",""3,465"",""3,610"",""3,800"",""3,870"""
"Crédit d’impôt pour don de bienfaisance,Dépenses fiscales,""Dons de bienfaisance, autres dons, organismes de bienfaisance et organismes à but non lucratif"",Mesures non structurelles,FID,Impôt sur le revenu des particuliers–fiducies,70,65,45,60,55,60,60,60"
"Crédit d’impôt pour don de bienfaisance,Dépenses fiscales,""Dons de bienfaisance, autres dons, organismes de bienfaisance et organismes à but non lucratif"",Mesures non structurelles,IRP/FID,Total–impôt sur le revenu des particuliers,""3,360"",""3,680"",""3,735"",""4,065"",""4,150"",""3,995"",""4,225"",""4,345"""
Crédit d’impôt pour études,Dépenses fiscales,Éducation,Mesures structurelles,IRP,Impôt sur le revenu des particuliers,190,115,45,F,F,F,F,F
Crédit d’impôt pour fournitures scolaires des enseignants et éducateurs de la petite enfance,Crédits d'impôt remboursables classés comme des paiements de transfert,Éducation,S/O,IRP,Impôt sur le revenu des particuliers,5,10,10,15,15,15,15,15
Crédit d’impôt pour frais d’adoption,Dépenses fiscales,Familles et ménages,Mesures structurelles,IRP,Impôt sur le revenu des particuliers,1,2,2,2,2,2,2,2
"Crédit d’impôt pour frais de scolarité,Dépenses fiscales,Éducation,Mesures structurelles,IRP,Impôt sur le revenu des particuliers,""2,100"",""2,065"",""2,030"",""2,360"",""2,360"",""2,385"",""2,410"",""2,435"""
"Crédit d’impôt pour frais médicaux,Dépenses fiscales,Santé,Mesures structurelles,IRP,Impôt sur le revenu des particuliers,""1,530"",""1,805"",""1,925"",""2,200"",""2,220"",""2,290"",""2,370"",""2,540"""
Crédit d’impôt pour intérêts sur les prêts aux étudiants,Dépenses fiscales,Éducation,Mesures non structurelles,IRP,Impôt sur le revenu des particuliers,25,20,15,25,25,25,25,25
Crédit d’impôt pour l’accessibilité domiciliaire ,Dépenses fiscales,Santé,Mesures non structurelles,IRP,Impôt sur le revenu des particuliers,15,25,40,30,30,30,25,25
Crédit d’impôt pour l’achat d’une première habitation,Dépenses fiscales,Logement,Mesures non structurelles,IRP,Impôt sur le revenu des particuliers,130,150,245,220,235,230,240,250
Crédit d’impôt pour l’amélioration de la qualité de l’air dans les petites entreprises,Crédits d'impôt remboursables classés comme des paiements de transfert,Santé,S/O,IRP,Impôt sur le revenu des particuliers,–,–,2,5,–,–,–,–
Crédit d’impôt pour l’amélioration de la qualité de l’air dans les petites entreprises,Crédits d'impôt remboursables classés comme des paiements de transfert,Santé,S/O,IRS,Impôt sur le revenu des sociétés,–,–,1,F,–,–,–,–
Crédit d’impôt pour l’amélioration de la qualité de l’air dans les petites entreprises,Crédits d'impôt remboursables classés comme des paiements de transfert,Santé,S/O,IRP/IRS,Total,–,–,3,5,–,–,–,–
Crédit d’impôt pour l’exploration de minéraux critiques pour les détenteurs d’actions accréditives,Dépenses fiscales,Entreprises - ressources naturelles,Mesures non structurelles,IRP,Impôt sur le revenu des particuliers,–,–,70,220,120,130,135,-30
Crédit d’impôt pour l’exploration minière pour les détenteurs d’actions accréditives,Dépenses fiscales,Entreprises - ressources naturelles,Mesures non structurelles,IRP,Impôt sur le revenu des particuliers,100,145,60,35,40,50,45,-10
Crédit d’impôt pour la création d’emplois d’apprentis,Dépenses fiscales,Emploi,Mesures non structurelles,IRP,Impôt sur le revenu des particuliers–particuliers,1,1,1,1,1,1,1,1
Crédit d’impôt pour la création d’emplois d’apprentis,Dépenses fiscales,Emploi,Mesures non structurelles,IRS,Total–impôt sur le revenu des sociétés,95,95,90,110,115,115,120,125
Crédit d’impôt pour la création d’emplois d’apprentis,Dépenses fiscales,Emploi,Mesures non structurelles,IRS,Impôt sur le revenu des sociétés–Acquis et demandé dans l’année en cours,60,55,65,75,80,80,85,85
Crédit d’impôt pour la création d’emplois d’apprentis,Dépenses fiscales,Emploi,Mesures non structurelles,IRS,Impôt sur le revenu des sociétés–Demandé pour l’année en cours mais acquis antérieurement,30,35,20,25,30,30,30,35
Crédit d’impôt pour la création d’emplois d’apprentis,Dépenses fiscales,Emploi,Mesures non structurelles,IRS,Impôt sur le revenu des sociétés–Acquis dans l’année en cours mais reporté à des années antérieures,2,2,4,3,3,3,3,3
Crédit d’impôt pour la création d’emplois d’apprentis,Dépenses fiscales,Emploi,Mesures non structurelles,IRP/FID/IRS,Total,95,95,90,110,115,120,120,125
Crédit d’impôt pour la rénovation d’habitations multigénérationnelles,Crédits d'impôt remboursables classés comme des paiements de transfert,Logement,S/O,IRP,Impôt sur le revenu des particuliers,–,–,–,25,25,25,25,25
Crédit d’impôt pour les pompiers volontaires,Dépenses fiscales,Social,Mesures non structurelles,IRP,Impôt sur le revenu des particuliers,15,20,15,20,35,35,35,35
Crédit d’impôt pour manuels,Dépenses fiscales,Éducation,Mesures structurelles,IRP,Impôt sur le revenu des particuliers,30,20,5,F,F,F,F,F
"Crédit d’impôt pour personnes handicapées,Dépenses fiscales,Santé,Mesures structurelles,IRP,Impôt sur le revenu des particuliers,""1,195"",""1,230"",""1,325"",""1,535"",""1,645"",""1,700"",""1,790"",""1,850"""
Crédit d’impôt pour production cinématographique ou magnétoscopique canadienne,Crédits d'impôt remboursables classés comme des paiements de transfert,Arts et culture,S/O,IRS,Impôt sur le revenu des sociétés,255,295,365,395,430,445,455,475
Crédit d’impôt pour services de production cinématographique ou magnétoscopique,Crédits d'impôt remboursables classés comme des paiements de transfert,Arts et culture,S/O,IRS,Impôt sur le revenu des sociétés,355,430,485,480,405,470,485,505
Crédit d’impôt pour volontaires participant à des activités de recherche et de sauvetage,Dépenses fiscales,Social,Mesures non structurelles,IRP,Impôt sur le revenu des particuliers,2,2,2,3,5,5,5,5
"Crédit d’impôt relatif au montant personnel de base,Mesures fiscales ne constituant pas des dépenses fiscales,Autres,Mesures structurelles,IRP,Impôt sur le revenu des particuliers,""44,575"",""46,200"",""47,720"",""51,370"",""55,455"",""55,360"",""54,640"",""56,240"""
Crédit d’impôt sur les opérations forestières,Dépenses fiscales,Arrangements fiscaux intergouvernementaux,Mesures non structurelles,IRP,Impôt sur le revenu des particuliers–particuliers,1,2,3,1,1,1,1,1
Crédit d’impôt sur les opérations forestières,Dépenses fiscales,Arrangements fiscaux intergouvernementaux,Mesures non structurelles,FID,Impôt sur le revenu des particuliers–fiducies,X,X,X,X,X,X,X,X
Crédit d’impôt sur les opérations forestières,Dépenses fiscales,Arrangements fiscaux intergouvernementaux,Mesures non structurelles,IRS,Impôt sur le revenu des sociétés,55,240,185,40,55,50,45,40
Crédit d’impôt sur les opérations forestières,Dépenses fiscales,Arrangements fiscaux intergouvernementaux,Mesures non structurelles,IRP/FID,Total–impôt sur le revenu des particuliers,X,X,X,X,X,X,X,X
Crédit d’impôt sur les opérations forestières,Dépenses fiscales,Arrangements fiscaux intergouvernementaux,Mesures non structurelles,IRP/FID/IRS,Total,X,X,X,X,X,X,X,X
"Crédit d'impôt à l'investissement pour l'électricité propre,Crédits d'impôt remboursables classés comme des paiements de transfert,Environnement,S/O,IRS,Impôt sur le revenu des sociétés,–,–,–,–,215,955,""1,160"",""1,380"""
Crédit d'impôt pour la main-d'oeuvre journalistique canadienne,Crédits d'impôt remboursables classés comme des paiements de transfert,Entreprises - autres,S/O,IRP,Impôt sur le revenu des particuliers,1,F,F,F,F,F,F,F
Crédit d'impôt pour la main-d'oeuvre journalistique canadienne,Crédits d'impôt remboursables classés comme des paiements de transfert,Entreprises - autres,S/O,IRS,Impôt sur le revenu des sociétés,35,35,40,65,70,75,75,60
Crédit d'impôt pour la main-d'oeuvre journalistique canadienne,Crédits d'impôt remboursables classés comme des paiements de transfert,Entreprises - autres,S/O,IRP/IRS,Total,35,35,40,65,70,75,75,60
Crédit d'impôt pour les préposés aux services de soutien à la personne,Crédits d'impôt remboursables classés comme des paiements de transfert,Emploi,S/O,IRP,Impôt sur le revenu des particuliers,–,–,–,–,–,–,280,290
"Crédit en raison de l’âge,Dépenses fiscales,Social,Mesures non structurelles,IRP,Impôt sur le revenu des particuliers,""3,945"",""3,990"",""4,140"",""4,670"",""5,075"",""5,210"",""5,300"",""5,580"""
"Crédit pour époux ou conjoint de fait,Dépenses fiscales,Familles et ménages,Mesures structurelles,IRP,Impôt sur le revenu des particuliers,""1,685"",""1,840"",""2,090"",""2,285"",""2,460"",""2,450"",""2,405"",""2,465"""
"Crédit pour impôt étranger–particuliers,Mesures fiscales ne constituant pas des dépenses fiscales,International,Mesures structurelles,IRP,Impôt sur le revenu des particuliers–particuliers,""1,925"",""2,075"",""2,310"",""2,480"",""2,605"",""2,680"",""2,745"",""2,825"""
Crédit pour impôt étranger–particuliers,Mesures fiscales ne constituant pas des dépenses fiscales,International,Mesures structurelles,FID,Impôt sur le revenu des particuliers–fiducies,45,90,80,50,50,55,55,55
"Crédit pour impôt étranger–particuliers,Mesures fiscales ne constituant pas des dépenses fiscales,International,Mesures structurelles,IRP/FID,Total–impôt sur le revenu des particuliers,""1,970"",""2,165"",""2,390"",""2,530"",""2,655"",""2,735"",""2,800"",""2,880"""
"Crédit pour la taxe sur les produits et services/taxe de vente harmonisée,Dépenses fiscales,Familles et ménages,Mesures structurelles,TPS,Taxe sur les produits et services,""10,450"",""5,030"",""7,335"",""8,120"",""6,195"",""6,400"",""6,575"",""6,760"""
Crédit pour les abonnements aux médias d'information numériques canadiens,Dépenses fiscales,Social,Mesures non structurelles,IRP,Impôt sur le revenu des particuliers,10,15,15,20,20,n.d.,n.d.,n.d.
"Crédit pour personne à charge admissible,Dépenses fiscales,Familles et ménages,Mesures structurelles,IRP,Impôt sur le revenu des particuliers,""1,270"",""1,290"",""1,230"",""1,290"",""1,400"",""1,400"",""1,390"",""1,435"""
"Crédit pour revenu de pension,Dépenses fiscales,Retraite,Mesures non structurelles,IRP,Impôt sur le revenu des particuliers,""1,270"",""1,300"",""1,335"",""1,375"",""1,415"",""1,405"",""1,400"",""1,440"""
Crédit relatif à une société à capital de risque de travailleurs,Dépenses fiscales,Épargne et investissement,Mesures non structurelles,IRP,Impôt sur le revenu des particuliers,180,175,185,190,215,205,205,205
Déductibilité des contributions à une fiducie pour l’environnement admissible,Dépenses fiscales,Environnement,Mesures structurelles,IRP,Impôt sur le revenu des particuliers,n.d.,n.d.,n.d.,n.d.,n.d.,n.d.,n.d.,n.d.
Déductibilité des contributions à une fiducie pour l’environnement admissible,Dépenses fiscales,Environnement,Mesures structurelles,IRS,Impôt sur le revenu des sociétés,50,40,50,50,50,50,50,50
Déductibilité des contributions à une fiducie pour l’environnement admissible,Dépenses fiscales,Environnement,Mesures structurelles,IRP/IRS,Total,n.d.,n.d.,n.d.,n.d.,n.d.,n.d.,n.d.,n.d.
Déductibilité des dépenses des artistes employés,Dépenses fiscales,Emploi,Mesures structurelles,IRP,Impôt sur le revenu des particuliers,F,F,F,F,F,F,F,F
"Déductibilité des dons de bienfaisance,Dépenses fiscales,""Dons de bienfaisance, autres dons, organismes de bienfaisance et organismes à but non lucratif"",Mesures non structurelles,IRS,Total–impôt sur le revenu des sociétés,790,""1,080"",""1,045"",885,""1,645"",""1,465"",""1,475"",""1,690"""
"Déductibilité des dons de bienfaisance,Dépenses fiscales,""Dons de bienfaisance, autres dons, organismes de bienfaisance et organismes à but non lucratif"",Mesures non structurelles,IRS,Terres écosensibles,1,1,5,15,5,5,5,5"
"Déductibilité des dons de bienfaisance,Dépenses fiscales,""Dons de bienfaisance, autres dons, organismes de bienfaisance et organismes à but non lucratif"",Mesures non structurelles,IRS,Biens culturels,2,2,2,5,50,20,20,20"
"Déductibilité des dons de bienfaisance,Dépenses fiscales,""Dons de bienfaisance, autres dons, organismes de bienfaisance et organismes à but non lucratif"",Mesures non structurelles,IRS,Autres,785,""1,080"",""1,040"",865,""1,590"",""1,440"",""1,450"",""1,665"""
"Déductibilité des dons de bienfaisance,Dépenses fiscales,""Dons de bienfaisance, autres dons, organismes de bienfaisance et organismes à but non lucratif"",Mesures non structurelles,IRS,Titres cotés en bourse,n.d.,n.d.,n.d.,n.d.,n.d.,n.d.,n.d.,n.d."
Déductibilité des provisions pour tremblements de terre,Dépenses fiscales,Entreprises - autres,Mesures structurelles,IRS,Impôt sur le revenu des sociétés,F,-1,F,F,-1,F,F,F
Déduction au titre de l’aide pour frais de scolarité liés à la formation de base des adultes,Dépenses fiscales,Éducation,Mesures structurelles,IRP,Impôt sur le revenu des particuliers,3,3,5,10,5,5,5,5
Déduction de certains coûts engagés par les musiciens,Dépenses fiscales,Emploi,Mesures structurelles,IRP,Impôt sur le revenu des particuliers,1,1,1,1,1,1,1,1
"Déduction des autres frais liés à l’emploi,Dépenses fiscales,Emploi,Mesures structurelles,IRP,Impôt sur le revenu des particuliers,""1,145"",""1,270"",""1,265"",""1,225"",""1,210"",""1,225"",""1,235"",""1,255"""
"Déduction des cotisations syndicales et professionnelles,Dépenses fiscales,Emploi,Mesures structurelles,IRP,Impôt sur le revenu des particuliers,""1,075"",""1,160"",""1,210"",""1,275"",""1,325"",""1,365"",""1,415"",""1,480"""
"Déduction des frais d’intérêt et des frais financiers engagés pour gagner un revenu de placement,Mesures fiscales ne constituant pas des dépenses fiscales,Épargne et investissement,Mesures structurelles,IRP,Impôt sur le revenu des particuliers,""1,900"",""2,280"",""2,465"",""2,835"",""3,100"",""3,170"",""3,255"",""3,370"""
Déduction des frais d’intérêt et des frais financiers engagés pour gagner un revenu de placement,Mesures fiscales ne constituant pas des dépenses fiscales,Épargne et investissement,Mesures structurelles,IRS,Impôt sur le revenu des sociétés,n.d.,n.d.,n.d.,n.d.,n.d.,n.d.,n.d.,n.d.
Déduction des frais d’intérêt et des frais financiers engagés pour gagner un revenu de placement,Mesures fiscales ne constituant pas des dépenses fiscales,Épargne et investissement,Mesures structurelles,IRP/IRS,Total,n.d.,n.d.,n.d.,n.d.,n.d.,n.d.,n.d.,n.d.
Déduction partielle et crédits partiels de taxe sur les intrants pour les frais de repas et de représentation ,Mesures fiscales ne constituant pas des dépenses fiscales,Entreprises - autres,Mesures structurelles,IRP,Impôt sur le revenu des particuliers,150,185,250,275,295,270,270,280
Déduction partielle et crédits partiels de taxe sur les intrants pour les frais de repas et de représentation ,Mesures fiscales ne constituant pas des dépenses fiscales,Entreprises - autres,Mesures structurelles,IRS,Impôt sur le revenu des sociétés,225,195,325,405,450,405,410,425
Déduction partielle et crédits partiels de taxe sur les intrants pour les frais de repas et de représentation ,Mesures fiscales ne constituant pas des dépenses fiscales,Entreprises - autres,Mesures structurelles,TPS,Taxe sur les produits et services,130,120,180,225,245,220,220,230
Déduction partielle et crédits partiels de taxe sur les intrants pour les frais de repas et de représentation ,Mesures fiscales ne constituant pas des dépenses fiscales,Entreprises - autres,Mesures structurelles,IRP/IRS/TPS,Total,500,500,755,905,990,895,900,940
Déduction pour amortissement accéléré–Actifs qui améliorent la productivité,Dépenses fiscales,Entreprises - autres,Mesures non structurelles,IRP,Impôt sur le revenu des particuliers,–,–,–,–,10,5,5,-10
Déduction pour amortissement accéléré–Actifs qui améliorent la productivité,Dépenses fiscales,Entreprises - autres,Mesures non structurelles,IRS,Impôt sur le revenu des sociétés,–,–,–,–,610,415,295,-455
Déduction pour amortissement accéléré–Actifs qui améliorent la productivité,Dépenses fiscales,Entreprises - autres,Mesures non structurelles,IRP/IRS,Total,–,–,–,–,620,420,300,-460
Déduction pour amortissement accéléré–Logements construits expressément pour la location,Dépenses fiscales,Logement,Mesures non structurelles,IRP,Impôt sur le revenu des particuliers,–,–,–,–,F,1,4,10
Déduction pour amortissement accéléré–Logements construits expressément pour la location,Dépenses fiscales,Logement,Mesures non structurelles,IRS,Impôt sur le revenu des sociétés,–,–,–,–,F,10,80,220
Déduction pour amortissement accéléré–Logements construits expressément pour la location,Dépenses fiscales,Logement,Mesures non structurelles,IRP/IRS,Total,–,–,–,–,F,10,85,230
Déduction pour amortissement accéléré des coûts pour le matériel et les véhicules automobiles zéro émission,Dépenses fiscales,Environnement,Mesures non structurelles,IRP/IRS,Autres types de matériaux et de véhicules automobiles zéro émission ,F,1,1,1,5,5,5,10
Déduction pour amortissement accéléré des coûts pour le matériel et les véhicules automobiles zéro émission ,Dépenses fiscales,Environnement,Mesures non structurelles,IRP/IRS,Total,4,5,15,20,25,30,25,35
Déduction pour amortissement accéléré des coûts pour le matériel et les véhicules automobiles zéro émission ,Dépenses fiscales,Environnement,Mesures non structurelles,IRP/IRS,Véhicules routiers zéro émission,3,5,15,20,20,25,20,30
Déduction pour amortissement accéléré pour les bâtiments servant à la fabrication ou à la transformation,Dépenses fiscales,Entreprises - autres,Mesures non structurelles,IRP,Impôt sur le revenu des particuliers,–,–,–,–,–,1,5,5
Déduction pour amortissement accéléré pour les bâtiments servant à la fabrication ou à la transformation,Dépenses fiscales,Entreprises - autres,Mesures non structurelles,IRS,Impôt sur le revenu des sociétés,–,–,–,–,–,45,260,260
Déduction pour amortissement accéléré pour les bâtiments servant à la fabrication ou à la transformation,Dépenses fiscales,Entreprises - autres,Mesures non structurelles,IRP/IRS,Total,–,–,–,–,–,45,265,265
Déduction pour amortissement accéléré pour les installations de liquéfaction de gaz naturel,Dépenses fiscales,Entreprises - ressources naturelles,Mesures non structurelles,IRP,Impôt sur le revenu des particuliers,n.d.,n.d.,n.d.,n.d.,n.d.,n.d.,n.d.,n.d.
Déduction pour amortissement accéléré pour les installations de liquéfaction de gaz naturel,Dépenses fiscales,Entreprises - ressources naturelles,Mesures non structurelles,IRS,Impôt sur le revenu des sociétés,X,X,X,X,X,X,X,X
Déduction pour amortissement accéléré pour les installations de liquéfaction de gaz naturel,Dépenses fiscales,Entreprises - ressources naturelles,Mesures non structurelles,IRP/IRS,Total,X,X,X,X,X,X,X,X
Déduction pour dépenses d’outillage des gens de métier,Dépenses fiscales,Emploi,Mesures structurelles,IRP,Impôt sur le revenu des particuliers,2,2,2,4,4,4,4,4
Déduction pour frais de déménagement,Dépenses fiscales,Emploi,Mesures structurelles,IRP,Impôt sur le revenu des particuliers,105,150,165,135,120,120,125,125
"Déduction pour frais de garde d’enfants,Dépenses fiscales,Emploi,Mesures structurelles,IRP,Impôt sur le revenu des particuliers,975,""1,210"",""1,280"",""1,275"",""1,320"",""1,300"",""1,310"",""1,335"""
Déduction pour la mobilité de la main-d’œuvre pour les gens de métier,Dépenses fiscales,Emploi,Mesures structurelles,IRP,Impôt sur le revenu des particuliers,–,–,2,1,1,1,1,2
Déduction pour la résidence d’un membre du clergé,Dépenses fiscales,Social,Mesures non structurelles,IRP,Impôt sur le revenu des particuliers,95,100,100,105,110,115,115,115
Déduction pour les sociétés de placement,Mesures fiscales ne constituant pas des dépenses fiscales,Épargne et investissement,Mesures structurelles,IRS,Impôt sur le revenu des sociétés,F,F,F,F,F,F,F,F
"Déduction pour option d’achat d’actions accordées aux employés,Dépenses fiscales,Emploi,Mesures non structurelles,IRP,Impôt sur le revenu des particuliers,920,""1,645"",""1,130"",855,""1,070"",""1,155"",""1,230"",""1,335"""
Déduction pour outillage des apprentis mécaniciens de véhicules,Dépenses fiscales,Emploi,Mesures structurelles,IRP,Impôt sur le revenu des particuliers,4,5,5,4,4,4,4,4
Déduction pour produits et services de soutien aux personnes handicapées,Dépenses fiscales,Santé,Mesures structurelles,IRP,Impôt sur le revenu des particuliers,3,3,3,3,3,3,3,3
"Déduction supplémentaire pour dons de médicaments,Dépenses fiscales,""Dons de bienfaisance, autres dons, organismes de bienfaisance et organismes à but non lucratif"",Mesures non structurelles,IRS,Impôt sur le revenu des sociétés,X,X,X,–,–,–,–,–"
Déductions pour actions accréditives,Dépenses fiscales,Entreprises - ressources naturelles,Mesures non structurelles,IRP,Impôt sur le revenu des particuliers,170,245,200,215,190,195,195,195
Déductions pour actions accréditives,Dépenses fiscales,Entreprises - ressources naturelles,Mesures non structurelles,IRS,Impôt sur le revenu des sociétés,30,60,60,65,75,70,65,65
Déductions pour actions accréditives,Dépenses fiscales,Entreprises - ressources naturelles,Mesures non structurelles,IRP/IRS,Total,200,310,255,285,265,260,260,265
Déductions pour amortissement accéléré pour les installations de gaz naturel liquéfié à faibles émissions de carbone,Dépenses fiscales,Entreprises - ressources naturelles,Mesures non structurelles,IRP,Impôt sur le revenu des particuliers,–,–,–,–,–,n.d.,n.d.,n.d.
Déductions pour amortissement accéléré pour les installations de gaz naturel liquéfié à faibles émissions de carbone,Dépenses fiscales,Entreprises - ressources naturelles,Mesures non structurelles,IRS,Impôt sur le revenu des sociétés,–,–,–,–,–,X,X,X
Déductions pour amortissement accéléré pour les installations de gaz naturel liquéfié à faibles émissions de carbone,Dépenses fiscales,Entreprises - ressources naturelles,Mesures non structurelles,IRP/IRS,Total,–,–,–,–,–,X,X,X
Déductions pour les habitants de régions éloignées,Dépenses fiscales,Emploi,Mesures non structurelles,IRP,Impôt sur le revenu des particuliers,220,230,240,245,250,250,255,255
"Détaxation des appareils médicaux et des appareils fonctionnels,Dépenses fiscales,Santé,Mesures non structurelles,TPS,Taxe sur les produits et services,620,730,795,850,905,950,975,""1,000"""
Détaxation des masques et des écrans faciaux,Dépenses fiscales,Santé,Mesures non structurelles,TPS,Taxe sur les produits et services,5,85,70,50,45,–,–,–
"Détaxation des médicaments sur ordonnance,Dépenses fiscales,Santé,Mesures non structurelles,TPS,Taxe sur les produits et services,945,""1,040"",""1,135"",""1,220"",""1,260"",""1,315"",""1,350"",""1,395"""
"Détaxation des produits alimentaires de base,Dépenses fiscales,Social,Mesures non structurelles,TPS,Taxe sur les produits et services,""5,375"",""5,480"",""5,870"",""6,350"",""6,620"",""6,895"",""7,140"",""7,410"""
Détaxation des produits d’hygiène féminine ,Dépenses fiscales,Familles et ménages,Mesures non structurelles,TPS,Taxe sur les produits et services,45,45,50,55,55,60,60,65
Dividende pour la relance au Canada,Dépenses fiscales,Entreprises - autres,Mesures non structurelles,IRS,Impôt sur le revenu des sociétés,–,–,-720,-720,-720,-720,-720,–
Épuisement gagné,Dépenses fiscales,Entreprises - ressources naturelles,Mesures non structurelles,IRP,Impôt sur le revenu des particuliers,n.d.,n.d.,n.d.,n.d.,n.d.,n.d.,n.d.,n.d.
Épuisement gagné,Dépenses fiscales,Entreprises - ressources naturelles,Mesures non structurelles,IRS,Impôt sur le revenu des sociétés,1,F,F,5,F,1,1,1
Épuisement gagné,Dépenses fiscales,Entreprises - ressources naturelles,Mesures non structurelles,IRP/IRS,Total,n.d.,n.d.,n.d.,n.d.,n.d.,n.d.,n.d.,n.d.
Exemption aux voyageurs,Dépenses fiscales,International,Mesures structurelles,TPS,Taxe sur les produits et services,80,95,290,315,355,300,315,325
"Exonération cumulative des gains en capital,Dépenses fiscales,Entreprises - autres,Mesures non structurelles,IRP,Total–impôt sur le revenu des particuliers,""1,725"",""2,550"",""2,625"",""2,585"",""2,700"",""2,770"",""2,880"",""3,025"""
"Exonération cumulative des gains en capital,Dépenses fiscales,Entreprises - autres,Mesures non structurelles,IRP,Impôt sur le revenu des particuliers–particuliers–actions de petites entreprises,""1,020"",""1,650"",""1,645"",""1,660"",""1,720"",""1,760"",""1,815"",""1,895"""
"Exonération cumulative des gains en capital,Dépenses fiscales,Entreprises - autres,Mesures non structurelles,IRP,Impôt sur le revenu des particuliers–particuliers–biens agricoles et de pêche,705,900,975,925,980,""1,015"",""1,065"",""1,130"""
Exonération de l’impôt de succursale–Transports, communications et extraction de minerai de fer,Dépenses fiscales,Entreprises - autres,Mesures structurelles,IRS,Impôt sur le revenu des sociétés,X,X,X,X,X,X,X,X
"Exonération de la retenue d’impôt des non-résidents,Dépenses fiscales,International,Mesures non structurelles,IRP/IRS,Total,""8,975"",""11,680"",""13,475"",""14,315"",""14,755"",""15,540"",""16,325"",""17,320"""
"Exonération de la retenue d’impôt des non-résidents,Dépenses fiscales,International,Mesures non structurelles,IRP/IRS,Dividendes,""5,585"",""7,590"",""8,410"",""8,095"",""8,640"",""8,950"",""9,220"",""9,595"""
"Exonération de la retenue d’impôt des non-résidents,Dépenses fiscales,International,Mesures non structurelles,IRP/IRS,Intérêts,""1,410"",""1,700"",""2,060"",""2,600"",""2,440"",""2,525"",""2,605"",""2,710"""
"Exonération de la retenue d’impôt des non-résidents,Dépenses fiscales,International,Mesures non structurelles,IRP/IRS,Loyers et redevances,895,980,""1,240"",""1,460"",""1,415"",""1,465"",""1,510"",""1,575"""
"Exonération de la retenue d’impôt des non-résidents,Dépenses fiscales,International,Mesures non structurelles,IRP/IRS,Frais de gestion,""1,080"",""1,410"",""1,770"",""2,155"",""2,260"",""2,600"",""2,990"",""3,440"""
Exonération de la TPS et remboursement pour les services d’aide juridique,Dépenses fiscales,Social,Mesures non structurelles,TPS,Taxe sur les produits et services,45,50,50,55,55,60,60,65
"Exonération de la TPS pour certaines fournitures effectuées par des organismes de bienfaisance et des organismes à but non lucratif,Dépenses fiscales,""Dons de bienfaisance, autres dons, organismes de bienfaisance et organismes à but non lucratif"",Mesures non structurelles,TPS,Taxe sur les produits et services,""1,490"",""1,560"",""1,680"",""1,815"",""1,900"",""1,965"",""2,035"",""2,100"""
"Exonération de la TPS pour certains loyers résidentiels,Dépenses fiscales,Logement,Mesures non structurelles,TPS,Taxe sur les produits et services,""1,980"",""1,830"",""2,080"",""2,440"",""2,590"",""2,770"",""2,910"",""2,995"""
Exonération de la TPS pour l’hébergement de courte durée,Dépenses fiscales,Logement,Mesures non structurelles,TPS,Taxe sur les produits et services,n.d.,n.d.,n.d.,n.d.,n.d.,n.d.,n.d.,n.d.
"Exonération de la TPS pour les frais de scolarité et les services d’enseignement ,Dépenses fiscales,Éducation,Mesures non structurelles,TPS,Taxe sur les produits et services,935,965,""1,055"",""1,145"",""1,210"",""1,250"",""1,295"",""1,345"""
Exonération de la TPS pour les frais de stationnement des hôpitaux,Dépenses fiscales,Santé,Mesures non structurelles,TPS,Taxe sur les produits et services,10,15,15,15,20,20,20,20
Exonération de la TPS pour les services de distribution d’eau, les services d’égouts et les services de base de collecte des déchets,Dépenses fiscales,Social,Mesures non structurelles,TPS,Taxe sur les produits et services,365,390,415,440,480,500,520,540
Exonération de la TPS pour les services de garde d’enfants,Dépenses fiscales,Familles et ménages,Mesures non structurelles,TPS,Taxe sur les produits et services,150,190,230,190,200,210,215,225
"Exonération de la TPS pour les services de soins de santé,Dépenses fiscales,Santé,Mesures non structurelles,TPS,Taxe sur les produits et services,885,990,""1,080"",""1,145"",""1,200"",""1,240"",""1,295"",""1,365"""
Exonération de la TPS pour les services de soins personnels ,Dépenses fiscales,Familles et ménages,Mesures non structurelles,TPS,Taxe sur les produits et services,n.d.,n.d.,n.d.,n.d.,n.d.,n.d.,n.d.,n.d.
Exonération de la TPS pour les services municipaux de transport,Dépenses fiscales,Social,Mesures non structurelles,TPS,Taxe sur les produits et services,110,110,170,215,230,230,240,250
Exonération de la TPS pour les traversiers, les routes et les ponts à péage,Dépenses fiscales,Social,Mesures non structurelles,TPS,Taxe sur les produits et services,10,10,15,15,15,15,20,20
"Exonération des organismes à but non lucratif,Dépenses fiscales,""Dons de bienfaisance, autres dons, organismes de bienfaisance et organismes à but non lucratif"",Mesures non structurelles,IRP/IRS,Total,50,100,215,275,290,290,310,335"
Exonération du revenu de bourses d’études, de perfectionnement et d’entretien,Dépenses fiscales,Éducation,Mesures non structurelles,IRP,Impôt sur le revenu des particuliers,705,690,725,760,770,770,720,745
Exonération pour gains en capital liés aux actions détenues par les employés ,Dépenses fiscales,Entreprises - autres,Mesures non structurelles,IRP,Impôt sur le revenu des particuliers,–,–,–,F,1,5,15,F
"Fractionnement du revenu de pension,Dépenses fiscales,Retraite,Mesures non structurelles,IRP,Impôt sur le revenu des particuliers,""1,470"",""1,520"",""1,615"",""1,660"",""1,740"",""1,905"",""2,075"",""2,205"""
Impôt supplémentaire pour les banques et les assureurs-vie,Dépenses fiscales,Entreprises - autres,Mesures non structurelles,IRS,Impôt sur le revenu des sociétés,–,–,-250,-340,-475,-545,-560,-585
"Impôt sur les gains en capital remboursable pour les sociétés de placement, les sociétés de placement à capital variable et les fiducies de fonds commun de placement,Mesures fiscales ne constituant pas des dépenses fiscales,Épargne et investissement,Mesures structurelles,FID,Fiducies de fonds mutuels–impôt sur le revenu des particuliers,""6,155"",""8,375"",""3,690"",""5,930"",""6,900"",""7,090"",""7,360"",""7,715"""
"Impôt sur les gains en capital remboursable pour les sociétés de placement, les sociétés de placement à capital variable et les fiducies de fonds commun de placement,Mesures fiscales ne constituant pas des dépenses fiscales,Épargne et investissement,Mesures structurelles,IRS,Sociétés de placement et sociétés de placement à capital variable–impôt sur le revenu des sociétés,""1,110"",""1,975"",""1,210"",505,815,""1,165"",""1,200"",""1,250"""
"Impôt sur les gains en capital remboursable pour les sociétés de placement, les sociétés de placement à capital variable et les fiducies de fonds commun de placement,Mesures fiscales ne constituant pas des dépenses fiscales,Épargne et investissement,Mesures structurelles,FID/IRS,Total,""7,265"",""10,350"",""4,900"",""6,435"",""7,715"",""8,255"",""8,560"",""8,965"""
Impôt sur les rachats de capitaux propres,Dépenses fiscales,Entreprises - autres,Mesures non structurelles,IRS,Impôt sur le revenu des sociétés,–,–,–,–,-685,-725,-765,-810
"Impôts remboursables sur les revenus de placement des sociétés privées,Mesures fiscales ne constituant pas des dépenses fiscales,Autres,Mesures structurelles,IRS,Total–impôt sur le revenu des sociétés,""-3,440"",""-5,420"",""-6,440"",""-5,620"",""-10,390"",""-10,440"",""-10,000"",""-10,250"""
"Impôts remboursables sur les revenus de placement des sociétés privées,Mesures fiscales ne constituant pas des dépenses fiscales,Autres,Mesures structurelles,IRS,Impôt supplémentaire de la partie I,""-7,760"",""-10,510"",""-12,250"",""-12,160"",""-17,730"",""-11,950"",""-13,465"",""-15,025"""
"Impôts remboursables sur les revenus de placement des sociétés privées,Mesures fiscales ne constituant pas des dépenses fiscales,Autres,Mesures structurelles,IRS,Impôt de la partie IV,""-7,110"",""-8,410"",""-9,810"",""-11,930"",""-13,205"",""-12,340"",""-12,140"",""-12,640"""
"Impôts remboursables sur les revenus de placement des sociétés privées,Mesures fiscales ne constituant pas des dépenses fiscales,Autres,Mesures structurelles,IRS,Remboursement au titre de dividendes,""11,430"",""13,500"",""15,620"",""18,470"",""20,550"",""13,850"",""15,605"",""17,410"""
"Incitatif à l'investissement accéléré,Dépenses fiscales,Entreprises - autres,Mesures non structurelles,IRP/IRS,Total,""2,565"",""2,835"",""3,030"",""2,540"",50,""2,460"",""2,410"",""2,835"""
"Inclusion partielle des gains en capital,Dépenses fiscales,Épargne et investissement,Mesures non structurelles,IRP,Impôt sur le revenu des particuliers–particuliers,""9,970"",""19,535"",""14,045"",""13,315"",""15,780"",""16,175"",""16,780"",""17,605"""
"Inclusion partielle des gains en capital,Dépenses fiscales,Épargne et investissement,Mesures non structurelles,FID,Impôt sur le revenu des particuliers–fiducies,""1,545"",""2,600"",""1,535"",""1,205"",""1,400"",""1,440"",""1,495"",""1,565"""
"Inclusion partielle des gains en capital,Dépenses fiscales,Épargne et investissement,Mesures non structurelles,IRS,Impôt sur le revenu des sociétés,""11,500"",""18,450"",""18,965"",""14,965"",""24,560"",""16,550"",""18,650"",""20,810"""
"Inclusion partielle des gains en capital,Dépenses fiscales,Épargne et investissement,Mesures non structurelles,IRP/FID,Total–impôt sur le revenu des particuliers,""11,515"",""22,135"",""15,580"",""14,520"",""17,180"",""17,615"",""18,275"",""19,170"""
"Inclusion partielle des gains en capital,Dépenses fiscales,Épargne et investissement,Mesures non structurelles,IRP/FID/IRS,Total,""23,015"",""40,580"",""34,545"",""29,485"",""41,740"",""34,165"",""36,920"",""39,980"""
"Majoration des dividendes et crédit d’impôt pour dividendes,Mesures fiscales ne constituant pas des dépenses fiscales,Épargne et investissement,Mesures structurelles,IRP,Impôt sur le revenu des particuliers,""4,660"",""5,225"",""5,820"",""6,380"",""6,710"",""6,975"",""7,205"",""7,515"""
Majoration des dividendes et crédit d’impôt pour dividendes,Mesures fiscales ne constituant pas des dépenses fiscales,Épargne et investissement,Mesures structurelles,FID,Fiducies,280,360,475,315,325,340,350,365
"Majoration des dividendes et crédit d’impôt pour dividendes,Mesures fiscales ne constituant pas des dépenses fiscales,Épargne et investissement,Mesures structurelles,IRP/FID,Total–impôt sur le revenu des particuliers,""4,940"",""5,580"",""6,290"",""6,695"",""7,035"",""7,310"",""7,555"",""7,880"""
Montant non imposable pour les volontaires de services d’urgence,Dépenses fiscales,Social,Mesures non structurelles,IRP,Impôt sur le revenu des particuliers,3,3,3,3,3,3,3,3
Non-déductibilité des frais de publicité dans des médias étrangers,Dépenses fiscales,Entreprises - autres,Mesures non structurelles,IRP,Impôt sur le revenu des particuliers,n.d.,n.d.,n.d.,n.d.,n.d.,n.d.,n.d.,n.d.
Non-déductibilité des frais de publicité dans des médias étrangers,Dépenses fiscales,Entreprises - autres,Mesures non structurelles,IRS,Impôt sur le revenu des sociétés,F,F,F,F,F,F,F,F
Non-déductibilité des frais de publicité dans des médias étrangers,Dépenses fiscales,Entreprises - autres,Mesures non structurelles,IRP/IRS,Total,n.d.,n.d.,n.d.,n.d.,n.d.,n.d.,n.d.,n.d.
Non-imposition de certaines prestations aux anciens combattants,Dépenses fiscales,Soutien de revenu,Mesures non structurelles,IRP,Impôt sur le revenu des particuliers,195,190,180,180,185,185,190,190
"Non-imposition des avantages provenant des régimes privés de soins de santé et de soins dentaires,Dépenses fiscales,Santé,Mesures non structurelles,IRP,Impôt sur le revenu des particuliers,""3,150"",""3,530"",""4,145"",""4,560"",""4,865"",""5,140"",""5,445"",""5,735"""
"Non-imposition des gains en capital sur les dons de biens culturels,Dépenses fiscales,""Dons de bienfaisance, autres dons, organismes de bienfaisance et organismes à but non lucratif"",Mesures non structurelles,IRP,Impôt sur le revenu des particuliers,5,5,4,4,10,5,5,5"
"Non-imposition des gains en capital sur les dons de biens culturels,Dépenses fiscales,""Dons de bienfaisance, autres dons, organismes de bienfaisance et organismes à but non lucratif"",Mesures non structurelles,FID,Impôt sur le revenu des particuliers–fiducies,n.d.,n.d.,n.d.,n.d.,n.d.,n.d.,n.d.,n.d."
"Non-imposition des gains en capital sur les dons de biens culturels,Dépenses fiscales,""Dons de bienfaisance, autres dons, organismes de bienfaisance et organismes à but non lucratif"",Mesures non structurelles,IRS,Impôt sur le revenu des sociétés,n.d.,n.d.,n.d.,n.d.,n.d.,n.d.,n.d.,n.d."
"Non-imposition des gains en capital sur les dons de biens culturels,Dépenses fiscales,""Dons de bienfaisance, autres dons, organismes de bienfaisance et organismes à but non lucratif"",Mesures non structurelles,IRP/IRS,Total,n.d.,n.d.,n.d.,n.d.,n.d.,n.d.,n.d.,n.d."
"Non-imposition des gains en capital sur les dons de biens culturels,Dépenses fiscales,""Dons de bienfaisance, autres dons, organismes de bienfaisance et organismes à but non lucratif"",Mesures non structurelles,IRP/IRS,Support fiscal total,n.d.,n.d.,n.d.,n.d.,n.d.,n.d.,n.d.,n.d."
"Non-imposition des gains en capital sur les dons de biens culturels,Dépenses fiscales,""Dons de bienfaisance, autres dons, organismes de bienfaisance et organismes à but non lucratif"",Mesures non structurelles,IRP/FID,Total–impôt sur le revenu des particuliers,n.d.,n.d.,n.d.,n.d.,n.d.,n.d.,n.d.,n.d."
"Non-imposition des gains en capital sur les dons de terres écosensibles,Dépenses fiscales,""Dons de bienfaisance, autres dons, organismes de bienfaisance et organismes à but non lucratif"",Mesures non structurelles,IRP,Impôt sur le revenu des particuliers–particuliers,2,3,4,5,5,4,4,4"
"Non-imposition des gains en capital sur les dons de terres écosensibles,Dépenses fiscales,""Dons de bienfaisance, autres dons, organismes de bienfaisance et organismes à but non lucratif"",Mesures non structurelles,FID,Impôt sur le revenu des particuliers–fiducies,F,F,F,F,F,F,F,F"
"Non-imposition des gains en capital sur les dons de terres écosensibles,Dépenses fiscales,""Dons de bienfaisance, autres dons, organismes de bienfaisance et organismes à but non lucratif"",Mesures non structurelles,IRS,Impôt sur le revenu des sociétés,F,1,2,10,1,5,5,4"
"Non-imposition des gains en capital sur les dons de terres écosensibles,Dépenses fiscales,""Dons de bienfaisance, autres dons, organismes de bienfaisance et organismes à but non lucratif"",Mesures non structurelles,IRP/FID,Total–impôt sur le revenu des particuliers,2,3,4,5,5,4,4,4"
"Non-imposition des gains en capital sur les dons de terres écosensibles,Dépenses fiscales,""Dons de bienfaisance, autres dons, organismes de bienfaisance et organismes à but non lucratif"",Mesures non structurelles,IRP/FID/IRS,Total,2,5,5,15,5,10,10,10"
"Non-imposition des gains en capital sur les dons de terres écosensibles,Dépenses fiscales,""Dons de bienfaisance, autres dons, organismes de bienfaisance et organismes à but non lucratif"",Mesures non structurelles,IRP/FID/IRS,Support fiscal total,10,15,25,45,25,30,30,30"
"Non-imposition des gains en capital sur les dons de titres cotés en bourse,Dépenses fiscales,""Dons de bienfaisance, autres dons, organismes de bienfaisance et organismes à but non lucratif"",Mesures non structurelles,IRP,Impôt sur le revenu des particuliers–particuliers,100,135,95,170,185,90,100,115"
"Non-imposition des gains en capital sur les dons de titres cotés en bourse,Dépenses fiscales,""Dons de bienfaisance, autres dons, organismes de bienfaisance et organismes à but non lucratif"",Mesures non structurelles,FID,Impôt sur le revenu des particuliers–fiducies,1,3,1,2,2,1,1,1"
"Non-imposition des gains en capital sur les dons de titres cotés en bourse,Dépenses fiscales,""Dons de bienfaisance, autres dons, organismes de bienfaisance et organismes à but non lucratif"",Mesures non structurelles,IRS,Impôt sur le revenu des sociétés,175,210,100,155,255,185,190,200"
"Non-imposition des gains en capital sur les dons de titres cotés en bourse,Dépenses fiscales,""Dons de bienfaisance, autres dons, organismes de bienfaisance et organismes à but non lucratif"",Mesures non structurelles,IRP/FID,Total–impôt sur le revenu des particuliers,100,135,95,175,190,90,100,115"
"Non-imposition des gains en capital sur les dons de titres cotés en bourse,Dépenses fiscales,""Dons de bienfaisance, autres dons, organismes de bienfaisance et organismes à but non lucratif"",Mesures non structurelles,IRP/FID/IRS,Total,275,340,195,330,440,275,290,310"
"Non-imposition des gains en capital sur les dons de titres cotés en bourse,Dépenses fiscales,""Dons de bienfaisance, autres dons, organismes de bienfaisance et organismes à but non lucratif"",Mesures non structurelles,IRP/FID/IRS,Support fiscal total,n.d.,n.d.,n.d.,n.d.,n.d.,n.d.,n.d.,n.d."
"Non-imposition des gains en capital sur les résidences principales,Dépenses fiscales,Logement,Mesures non structurelles,IRP,Impôt sur le revenu des particuliers,""6,930"",""12,175"",""10,595"",""7,565"",""7,460"",""8,170"",""8,545"",""9,420"""
"Non-imposition des indemnités pour accidents du travail,Dépenses fiscales,Soutien de revenu,Mesures non structurelles,IRP,Impôt sur le revenu des particuliers,830,855,880,945,975,980,985,""1,010"""
Non-imposition des indemnités versées aux diplomates et autres employés du gouvernement en poste à l’étranger,Dépenses fiscales,Emploi,Mesures structurelles,IRP,Impôt sur le revenu des particuliers,35,35,30,35,45,50,n.d.,n.d.
Non-imposition des pensions et des indemnités (blessures, invalidité ou décès) versées aux membres de la Gendarmerie royale du Canada,Dépenses fiscales,Soutien de revenu,Mesures non structurelles,IRP,Impôt sur le revenu des particuliers,55,70,80,100,110,125,140,155
Non-imposition des prestations d’aide sociale,Dépenses fiscales,Soutien de revenu,Mesures non structurelles,IRP,Impôt sur le revenu des particuliers,425,370,300,340,390,400,420,450
Non-imposition des prestations de décès à concurrence de 10 000 $,Dépenses fiscales,Familles et ménages,Mesures non structurelles,IRP,Impôt sur le revenu des particuliers,5,5,5,10,10,10,10,10
Non-imposition des versements aux membres des Forces armées canadiennes et aux anciens combattants en ce qui concerne la souffrance et la douleur,Mesures fiscales ne constituant pas des dépenses fiscales,Autres,Mesures structurelles,IRP,Impôt sur le revenu des particuliers,300,395,400,445,605,655,550,505
Non-imposition du revenu gagné par les militaires et les policiers participant à des missions opérationnelles internationales,Dépenses fiscales,Emploi,Mesures non structurelles,IRP,Impôt sur le revenu des particuliers,30,35,35,40,50,60,n.d.,n.d.
Non-imposition du Supplément de revenu garanti et des Allocations,Dépenses fiscales,Soutien de revenu,Mesures non structurelles,IRP,Impôt sur le revenu des particuliers,245,210,225,350,390,415,455,520
Passation en charge immédiate pour les petites entreprises,Dépenses fiscales,Entreprises - autres,Mesures non structurelles,IRP,Impôt sur le revenu des particuliers,–,–,335,230,180,-190,-140,-100
"Passation en charge immédiate pour les petites entreprises,Dépenses fiscales,Entreprises - autres,Mesures non structurelles,IRS,Impôt sur le revenu des sociétés,–,675,""1,305"",""1,175"",-350,-735,-550,-420"
"Passation en charge immédiate pour les petites entreprises,Dépenses fiscales,Entreprises - autres,Mesures non structurelles,IRP/IRS,Total,–,675,""1,640"",""1,460"",-125,-935,-700,-530"
Passation en charges des dépenses en capital de recherche scientifique et de développement expérimental,Dépenses fiscales,Entreprises - recherche et développement,Mesures non structurelles,IRP,Impôt sur le revenu des particuliers,–,–,–,–,–,F,F,F
Passation en charges des dépenses en capital de recherche scientifique et de développement expérimental,Dépenses fiscales,Entreprises - recherche et développement,Mesures non structurelles,IRS,Impôt sur le revenu des sociétés,–,–,–,–,–,15,10,15
Passation en charges des dépenses en capital de recherche scientifique et de développement expérimental,Dépenses fiscales,Entreprises - recherche et développement,Mesures non structurelles,IRP/IRS,Total,–,–,–,–,–,15,10,15
Pertes déductibles au titre d’un placement d’entreprise,Dépenses fiscales,Entreprises - petites entreprises,Mesures non structurelles,IRP,Impôt sur le revenu des particuliers–particuliers,40,40,30,35,35,40,40,40
Pertes déductibles au titre d’un placement d’entreprise,Dépenses fiscales,Entreprises - petites entreprises,Mesures non structurelles,FID,Impôt sur le revenu des particuliers–fiducies,F,F,1,1,1,1,1,1
Pertes déductibles au titre d’un placement d’entreprise,Dépenses fiscales,Entreprises - petites entreprises,Mesures non structurelles,IRS,Impôt sur le revenu des sociétés,15,15,5,10,15,15,15,15
Pertes déductibles au titre d’un placement d’entreprise,Dépenses fiscales,Entreprises - petites entreprises,Mesures non structurelles,IRP/FID,Total–impôt sur le revenu des particuliers,40,40,30,35,35,40,40,40
Pertes déductibles au titre d’un placement d’entreprise,Dépenses fiscales,Entreprises - petites entreprises,Mesures non structurelles,IRP/FID/IRS,Total,55,55,40,45,50,50,55,55
Programme d’embauche pour la relance économique du Canada,Crédits d'impôt remboursables classés comme des paiements de transfert,Emploi,S/O,IRP/IRS,Total,–,950,475,–,–,–,–,–
Programme d’incitation pour congrès étrangers et voyages organisés,Dépenses fiscales,Entreprises - autres,Mesures non structurelles,TPS,Taxe sur les produits et services,1,F,2,5,5,5,5,5
"Programme de relance du tourisme et de l’accueil,Crédits d'impôt remboursables classés comme des paiements de transfert,Emploi,S/O,IRP/IRS,Total,–,""1,050"",""1,640"",–,–,–,–,–"
Programme de relance pour les entreprises les plus durement touchées,Crédits d'impôt remboursables classés comme des paiements de transfert,Emploi,S/O,IRP/IRS,Total,–,300,330,–,–,–,–,–
Reclassement des dépenses pour actions accréditives,Dépenses fiscales,Entreprises - ressources naturelles,Mesures non structurelles,IRP,Impôt sur le revenu des particuliers,-2,-2,-1,-1,-1,F,F,F
Reclassement des dépenses pour actions accréditives,Dépenses fiscales,Entreprises - ressources naturelles,Mesures non structurelles,IRS,Impôt sur le revenu des sociétés,F,F,F,F,F,F,F,F
Reclassement des dépenses pour actions accréditives,Dépenses fiscales,Entreprises - ressources naturelles,Mesures non structurelles,IRP/IRS,Total,-3,-2,-1,-1,-1,F,F,F
Réduction de taux pour les fabricants de technologies à zéro émission,Dépenses fiscales,Environnement,Mesures non structurelles,IRS,Total,–,–,1,10,35,40,45,50
Régime de pension de la Saskatchewan,Dépenses fiscales,Retraite,Mesures non structurelles,IRP,Impôt sur le revenu des particuliers,n.d.,n.d.,n.d.,n.d.,n.d.,n.d.,n.d.,n.d.
"Régimes de pension agréés,Dépenses fiscales,Retraite,Mesures non structurelles,IRP,Total–impôt sur le revenu des particuliers,""22,755"",""27,735"",""19,500"",""21,555"",""25,870"",""24,825"",""25,360"",""26,005"""
"Régimes de pension agréés,Dépenses fiscales,Retraite,Mesures non structurelles,IRP,Déduction des cotisations,""16,550"",""16,700"",""17,690"",""17,860"",""18,435"",""19,030"",""19,570"",""20,365"""
"Régimes de pension agréés,Dépenses fiscales,Retraite,Mesures non structurelles,IRP,Non-imposition du revenu de placement,""18,600"",""24,660"",""15,540"",""18,580"",""23,305"",""22,440"",""23,290"",""24,365"""
"Régimes de pension agréés,Dépenses fiscales,Retraite,Mesures non structurelles,IRP,Imposition des retraits,""-12,395"",""-13,625"",""-13,730"",""-14,880"",""-15,875"",""-16,645"",""-17,500"",""-18,725"""
Régimes de pension agréés collectifs,Dépenses fiscales,Retraite,Mesures non structurelles,IRP,Impôt sur le revenu des particuliers,n.d.,n.d.,n.d.,n.d.,n.d.,n.d.,n.d.,n.d.
Régimes enregistrés d’épargne-études,Dépenses fiscales,Éducation,Mesures non structurelles,IRP,Impôt sur le revenu des particuliers,110,130,170,235,330,475,590,645
Régimes enregistrés d’épargne-invalidité,Dépenses fiscales,Santé,Mesures non structurelles,IRP,Impôt sur le revenu des particuliers,65,90,90,100,110,130,150,165
"Régimes enregistrés d’épargne-retraite,Dépenses fiscales,Retraite,Mesures non structurelles,IRP,Total–impôt sur le revenu des particuliers,""12,880"",""19,610"",""11,440"",""13,035"",""15,650"",""16,720"",""17,355"",""18,510"""
"Régimes enregistrés d’épargne-retraite,Dépenses fiscales,Retraite,Mesures non structurelles,IRP,Déduction des cotisations,""11,160"",""12,865"",""12,480"",""12,690"",""13,595"",""13,855"",""14,105"",""14,595"""
"Régimes enregistrés d’épargne-retraite,Dépenses fiscales,Retraite,Mesures non structurelles,IRP,Non-imposition du revenu de placement,""9,545"",""15,750"",""8,890"",""10,845"",""13,470"",""14,855"",""15,885"",""17,425"""
"Régimes enregistrés d’épargne-retraite,Dépenses fiscales,Retraite,Mesures non structurelles,IRP,Imposition des retraits,""-7,825"",""-9,000"",""-9,930"",""-10,495"",""-11,410"",""-11,990"",""-12,635"",""-13,510"""
"Remboursement aux écoles, aux collèges et aux universités,Dépenses fiscales,Éducation,Mesures non structurelles,TPS,Total–Taxe sur les produits et services,795,875,""1,000"",""1,110"",""1,190"",""1,185"",""1,220"",""1,260"""
Remboursement aux écoles, aux collèges et aux universités,Dépenses fiscales,Éducation,Mesures non structurelles,TPS,Remboursement aux écoles,450,505,575,635,680,680,695,720
Remboursement aux écoles, aux collèges et aux universités,Dépenses fiscales,Éducation,Mesures non structurelles,TPS,Remboursement aux collèges,95,105,125,155,165,165,170,175
Remboursement aux écoles, aux collèges et aux universités,Dépenses fiscales,Éducation,Mesures non structurelles,TPS,Remboursement aux universités,245,270,300,320,345,345,355,365
Remboursement aux employés et aux associés,Dépenses fiscales,Emploi,Mesures structurelles,TPS,Taxe sur les produits et services,40,40,40,40,45,45,55,60
"Remboursement aux hôpitaux, aux exploitants d’établissement et aux fournisseurs externes,Dépenses fiscales,Santé,Mesures non structurelles,TPS,Taxe sur les produits et services,985,975,""1,060"",""1,205"",""1,290"",""1,285"",""1,320"",""1,365"""
"Remboursement aux municipalités,Dépenses fiscales,Arrangements fiscaux intergouvernementaux,Mesures structurelles,TPS,Taxe sur les produits et services,""2,735"",""2,860"",""3,120"",""3,590"",""3,875"",""4,025"",""4,105"",""4,200"""
"Remboursement aux organismes à but non lucratif admissibles,Dépenses fiscales,""Dons de bienfaisance, autres dons, organismes de bienfaisance et organismes à but non lucratif"",Mesures non structurelles,TPS,Taxe sur les produits et services,80,90,100,110,115,120,125,130"
"Remboursement aux organismes de bienfaisance enregistrés,Dépenses fiscales,""Dons de bienfaisance, autres dons, organismes de bienfaisance et organismes à but non lucratif"",Mesures non structurelles,TPS,Taxe sur les produits et services,300,340,400,450,465,485,505,525"
"Remboursement bonifié pour immeubles d’habitation locatifs neufs,Dépenses fiscales,Logement,Mesures non structurelles,TPS,Taxe sur les produits et services,–,–,–,F,20,520,960,""1,205"""
Remboursement de la TPS pour les acheteurs d’une première habitation,Dépenses fiscales,Logement,Mesures non structurelles,TPS,Taxe sur les produits et services,–,–,–,–,–,110,590,895
"Remboursement pour coquelicots et couronnes,Dépenses fiscales,""Dons de bienfaisance, autres dons, organismes de bienfaisance et organismes à but non lucratif"",Mesures non structurelles,TPS,Taxe sur les produits et services,X,X,X,X,X,X,X,X"
Remboursement pour habitations neuves,Dépenses fiscales,Logement,Mesures non structurelles,TPS,Taxe sur les produits et services,205,175,125,85,85,75,70,70
Remboursement pour immeubles d’habitation locatifs neufs,Dépenses fiscales,Logement,Mesures non structurelles,TPS,Taxe sur les produits et services,225,250,265,270,305,360,420,345
Remboursement pour livres achetés par certains organismes,Dépenses fiscales,Éducation,Mesures non structurelles,TPS,Taxe sur les produits et services,10,10,10,10,15,15,15,15
Remboursement pour véhicules à moteur spécialement équipés,Dépenses fiscales,Santé,Mesures non structurelles,TPS,Taxe sur les produits et services,F,F,F,F,F,F,F,F
Remboursements aux gouvernements autochtones autonomes,Dépenses fiscales,Arrangements fiscaux intergouvernementaux,Mesures structurelles,TPS,Taxe sur les produits et services,10,15,20,20,20,20,20,20
Report au moyen de la réserve de cinq ans pour gains en capital,Dépenses fiscales,Entreprises - autres,Mesures structurelles,IRP,Impôt sur le revenu des particuliers–particuliers,20,35,30,30,25,25,25,25
Report au moyen de la réserve de cinq ans pour gains en capital,Dépenses fiscales,Entreprises - autres,Mesures structurelles,FID,Impôt sur le revenu des particuliers–fiducies,F,3,20,-2,F,F,F,F
Report au moyen de la réserve de cinq ans pour gains en capital,Dépenses fiscales,Entreprises - autres,Mesures structurelles,IRS,Impôt sur le revenu des sociétés,n.d.,n.d.,n.d.,n.d.,n.d.,n.d.,n.d.,n.d.
Report au moyen de la réserve de cinq ans pour gains en capital,Dépenses fiscales,Entreprises - autres,Mesures structurelles,IRP/FID,Total–impôt sur le revenu des particuliers,20,40,50,25,25,25,25,25
Report au moyen de la réserve de cinq ans pour gains en capital,Dépenses fiscales,Entreprises - autres,Mesures structurelles,IRP/FID/IRS,Total,n.d.,n.d.,n.d.,n.d.,n.d.,n.d.,n.d.,n.d.
Report au moyen de la réserve de dix ans pour gains en capital,Dépenses fiscales,Entreprises - autres,Mesures non structurelles,IRP,Total–impôt sur le revenu des particuliers,35,95,75,75,60,65,70,75
Report au moyen de la réserve de dix ans pour gains en capital,Dépenses fiscales,Entreprises - autres,Mesures non structurelles,IRP,Biens agricoles et de pêche,n.d.,n.d.,n.d.,n.d.,n.d.,n.d.,n.d.,n.d.
Report au moyen de la réserve de dix ans pour gains en capital,Dépenses fiscales,Entreprises - autres,Mesures non structurelles,IRP,Actions de petites entreprises,n.d.,n.d.,n.d.,n.d.,n.d.,n.d.,n.d.,n.d.
Report de pertes autres qu’en capital,Mesures fiscales ne constituant pas des dépenses fiscales,Entreprises - autres,Mesures structurelles,IRP,Pertes agricoles et de pêche autres qu’en capital–impôt sur le revenu des particuliers–particuliers–total,n.d.,n.d.,n.d.,n.d.,n.d.,n.d.,n.d.,n.d.
Report de pertes autres qu’en capital,Mesures fiscales ne constituant pas des dépenses fiscales,Entreprises - autres,Mesures structurelles,IRP,Pertes agricoles et de pêche autres qu’en capital–impôt sur le revenu des particuliers–particuliers–report rétrospectif,n.d.,n.d.,n.d.,n.d.,n.d.,n.d.,n.d.,n.d.
Report de pertes autres qu’en capital,Mesures fiscales ne constituant pas des dépenses fiscales,Entreprises - autres,Mesures structurelles,IRP,Pertes agricoles et de pêche autres qu’en capital–impôt sur le revenu des particuliers–particuliers–appliquées à l’année en cours,20,25,30,30,30,35,35,35
Report de pertes autres qu’en capital,Mesures fiscales ne constituant pas des dépenses fiscales,Entreprises - autres,Mesures structurelles,IRP,Pertes autres qu’en capital dans les autres secteurs–impôt sur le revenu des particuliers–particuliers–total,n.d.,n.d.,n.d.,n.d.,n.d.,n.d.,n.d.,n.d.
Report de pertes autres qu’en capital,Mesures fiscales ne constituant pas des dépenses fiscales,Entreprises - autres,Mesures structurelles,IRP,Pertes autres qu’en capital dans les autres secteurs–impôt sur le revenu des particuliers–particuliers–report rétrospectif,n.d.,n.d.,n.d.,n.d.,n.d.,n.d.,n.d.,n.d.
Report de pertes autres qu’en capital,Mesures fiscales ne constituant pas des dépenses fiscales,Entreprises - autres,Mesures structurelles,IRP,Pertes autres qu’en capital dans les autres secteurs–impôt sur le revenu des particuliers–particuliers–appliquées à l’année en cours,90,90,90,110,115,120,125,135
Report de pertes autres qu’en capital,Mesures fiscales ne constituant pas des dépenses fiscales,Entreprises - autres,Mesures structurelles,IRP,Total pertes autres qu'en capital–impôt sur le revenu des particuliers–particuliers–total,n.d.,n.d.,n.d.,n.d.,n.d.,n.d.,n.d.,n.d.
Report de pertes autres qu’en capital,Mesures fiscales ne constituant pas des dépenses fiscales,Entreprises - autres,Mesures structurelles,IRP,Total pertes autres qu'en capital–impôt sur le revenu des particuliers–particuliers–report rétrospectif,n.d.,n.d.,n.d.,n.d.,n.d.,n.d.,n.d.,n.d.
Report de pertes autres qu’en capital,Mesures fiscales ne constituant pas des dépenses fiscales,Entreprises - autres,Mesures structurelles,IRP,Total pertes autres qu'en capital–impôt sur le revenu des particuliers–particuliers–appliquées à l’année en cours,110,115,120,140,150,155,160,170
Report de pertes autres qu’en capital,Mesures fiscales ne constituant pas des dépenses fiscales,Entreprises - autres,Mesures structurelles,FID,Pertes agricoles et de pêche autres qu’en capital–impôt sur le revenu des particuliers–fiducies,n.d.,n.d.,n.d.,n.d.,n.d.,n.d.,n.d.,n.d.
Report de pertes autres qu’en capital,Mesures fiscales ne constituant pas des dépenses fiscales,Entreprises - autres,Mesures structurelles,FID,Pertes autres qu’en capital dans les autres secteurs–impôt sur le revenu des particuliers–fiducies,n.d.,n.d.,n.d.,n.d.,n.d.,n.d.,n.d.,n.d.
Report de pertes autres qu’en capital,Mesures fiscales ne constituant pas des dépenses fiscales,Entreprises - autres,Mesures structurelles,FID,Total pertes autres qu'en capital–impôt sur le revenu des particuliers–fiducies,180,220,355,340,380,345,345,360
Report de pertes autres qu’en capital,Mesures fiscales ne constituant pas des dépenses fiscales,Entreprises - autres,Mesures structurelles,IRS,Pertes agricoles et de pêche autres qu’en capital–Total–Impôt sur le revenu des sociétés,85,110,125,130,150,160,165,170
Report de pertes autres qu’en capital,Mesures fiscales ne constituant pas des dépenses fiscales,Entreprises - autres,Mesures structurelles,IRS,Pertes agricoles et de pêche autres qu’en capital–Impôt sur le revenu des sociétés–Report rétrospectif,30,20,35,35,30,35,35,35
Report de pertes autres qu’en capital,Mesures fiscales ne constituant pas des dépenses fiscales,Entreprises - autres,Mesures structurelles,IRS,Pertes agricoles et de pêche autres qu’en capital–Impôt sur le revenu des sociétés–Appliquées à l’année en cours,55,90,90,95,125,130,130,140
"Report de pertes autres qu’en capital,Mesures fiscales ne constituant pas des dépenses fiscales,Entreprises - autres,Mesures structurelles,IRS,Pertes autres qu’en capital dans les autres secteurs–total–impôt sur le revenu des sociétés,""8,820"",""11,395"",""14,620"",""12,470"",""13,100"",""12,540"",""12,635"",""12,975"""
"Report de pertes autres qu’en capital,Mesures fiscales ne constituant pas des dépenses fiscales,Entreprises - autres,Mesures structurelles,IRS,Pertes autres qu’en capital dans les autres secteurs–impôt sur le revenu des sociétés–report rétrospectif,""3,205"",""1,905"",""2,915"",""2,930"",""2,455"",""2,885"",""2,895"",""2,840"""
"Report de pertes autres qu’en capital,Mesures fiscales ne constituant pas des dépenses fiscales,Entreprises - autres,Mesures structurelles,IRS,Pertes autres qu’en capital dans les autres secteurs–impôt sur le revenu des sociétés–appliquées à l’année en cours,""5,615"",""9,490"",""11,710"",""9,540"",""10,645"",""9,660"",""9,740"",""10,135"""
"Report de pertes autres qu’en capital,Mesures fiscales ne constituant pas des dépenses fiscales,Entreprises - autres,Mesures structurelles,IRS,Total pertes autres qu'en capital–Total–impôt sur le revenu des sociétés,""8,900"",""11,500"",""14,745"",""12,595"",""13,250"",""12,705"",""12,800"",""13,150"""
"Report de pertes autres qu’en capital,Mesures fiscales ne constituant pas des dépenses fiscales,Entreprises - autres,Mesures structurelles,IRS,Total pertes autres qu'en capital–Impôt sur le revenu des sociétés–Report rétrospectif,""3,230"",""1,925"",""2,950"",""2,965"",""2,485"",""2,915"",""2,925"",""2,875"""
"Report de pertes autres qu’en capital,Mesures fiscales ne constituant pas des dépenses fiscales,Entreprises - autres,Mesures structurelles,IRS,Total pertes autres qu'en capital–Impôt sur le revenu des sociétés–Appliquées à l’année en cours,""5,670"",""9,575"",""11,800"",""9,635"",""10,765"",""9,785"",""9,870"",""10,275"""
Report de pertes autres qu’en capital,Mesures fiscales ne constituant pas des dépenses fiscales,Entreprises - autres,Mesures structurelles,IRP/FID,Pertes agricoles et de pêche autres qu’en capital–total–impôt sur le revenu des particuliers,n.d.,n.d.,n.d.,n.d.,n.d.,n.d.,n.d.,n.d.
Report de pertes autres qu’en capital,Mesures fiscales ne constituant pas des dépenses fiscales,Entreprises - autres,Mesures structurelles,IRP/FID,Pertes autres qu’en capital dans les autres secteurs–total–impôt sur le revenu des particuliers,n.d.,n.d.,n.d.,n.d.,n.d.,n.d.,n.d.,n.d.
Report de pertes autres qu’en capital,Mesures fiscales ne constituant pas des dépenses fiscales,Entreprises - autres,Mesures structurelles,IRP/FID,Total pertes autres qu'en capital–total–impôt sur le revenu des particuliers,n.d.,n.d.,n.d.,n.d.,n.d.,n.d.,n.d.,n.d.
Report de pertes autres qu’en capital,Mesures fiscales ne constituant pas des dépenses fiscales,Entreprises - autres,Mesures structurelles,IRP/FID/IRS,Pertes agricoles et de pêche autres qu’en capital–total,n.d.,n.d.,n.d.,n.d.,n.d.,n.d.,n.d.,n.d.
Report de pertes autres qu’en capital,Mesures fiscales ne constituant pas des dépenses fiscales,Entreprises - autres,Mesures structurelles,IRP/FID/IRS,Pertes autres qu’en capital dans les autres secteurs–total,n.d.,n.d.,n.d.,n.d.,n.d.,n.d.,n.d.,n.d.
Report de pertes autres qu’en capital,Mesures fiscales ne constituant pas des dépenses fiscales,Entreprises - autres,Mesures structurelles,IRP/FID/IRS,Total pertes autres qu'en capital–total,n.d.,n.d.,n.d.,n.d.,n.d.,n.d.,n.d.,n.d.
Report de pertes en capital,Mesures fiscales ne constituant pas des dépenses fiscales,Épargne et investissement,Mesures structurelles,IRP,Impôt sur le revenu des particuliers–particuliers–total,n.d.,n.d.,n.d.,n.d.,n.d.,n.d.,n.d.,n.d.
Report de pertes en capital,Mesures fiscales ne constituant pas des dépenses fiscales,Épargne et investissement,Mesures structurelles,IRP,Impôt sur le revenu des particuliers–particuliers–report rétrospectif,n.d.,n.d.,n.d.,n.d.,n.d.,n.d.,n.d.,n.d.
Report de pertes en capital,Mesures fiscales ne constituant pas des dépenses fiscales,Épargne et investissement,Mesures structurelles,IRP,Impôt sur le revenu des particuliers–particuliers–appliquées à l’année en cours,550,940,505,535,780,565,600,645
"Report de pertes en capital,Mesures fiscales ne constituant pas des dépenses fiscales,Épargne et investissement,Mesures structurelles,FID,Impôt sur le revenu des particuliers–fiducies,800,""2,010"",430,855,995,""1,020"",""1,060"",""1,110"""
"Report de pertes en capital,Mesures fiscales ne constituant pas des dépenses fiscales,Épargne et investissement,Mesures structurelles,IRS,Total–impôt sur le revenu des sociétés,""1,015"",855,985,800,""1,390"",965,""1,035"",""1,115"""
Report de pertes en capital,Mesures fiscales ne constituant pas des dépenses fiscales,Épargne et investissement,Mesures structurelles,IRS,Impôt sur le revenu des sociétés–report rétrospectif,405,200,455,355,400,445,445,455
Report de pertes en capital,Mesures fiscales ne constituant pas des dépenses fiscales,Épargne et investissement,Mesures structurelles,IRS,Impôt sur le revenu des sociétés–appliquées à l’année en cours,615,650,525,445,990,525,590,660
Report de pertes en capital,Mesures fiscales ne constituant pas des dépenses fiscales,Épargne et investissement,Mesures structurelles,IRP/FID,Total–impôt sur le revenu des particuliers,n.d.,n.d.,n.d.,n.d.,n.d.,n.d.,n.d.,n.d.
Report de pertes en capital,Mesures fiscales ne constituant pas des dépenses fiscales,Épargne et investissement,Mesures structurelles,IRP/FID/IRS,Total,n.d.,n.d.,n.d.,n.d.,n.d.,n.d.,n.d.,n.d.
Report du revenu lié à l’abattage de bétail,Dépenses fiscales,Entreprises - agriculture et pêche,Mesures structurelles,IRP,Impôt sur le revenu des particuliers,F,F,3,3,-2,n.d.,n.d.,n.d.
Report du revenu lié à l’abattage de bétail,Dépenses fiscales,Entreprises - agriculture et pêche,Mesures structurelles,IRS,Impôt sur le revenu des sociétés,F,F,4,4,-4,n.d.,n.d.,n.d.
Report du revenu lié à l’abattage de bétail,Dépenses fiscales,Entreprises - agriculture et pêche,Mesures structurelles,IRP/IRS,Total,F,F,5,5,-5,n.d.,n.d.,n.d.
Report du revenu tiré des ventes de grain au moyen de bons de paiement,Dépenses fiscales,Entreprises - agriculture et pêche,Mesures non structurelles,IRP,Impôt sur le revenu des particuliers,15,3,60,25,-5,n.d.,n.d.,n.d.
Report du revenu tiré des ventes de grain au moyen de bons de paiement,Dépenses fiscales,Entreprises - agriculture et pêche,Mesures non structurelles,IRS,Impôt sur le revenu des sociétés,25,4,80,35,-10,n.d.,n.d.,n.d.
Report du revenu tiré des ventes de grain au moyen de bons de paiement,Dépenses fiscales,Entreprises - agriculture et pêche,Mesures non structurelles,IRP/IRS,Total,40,5,140,60,-15,n.d.,n.d.,n.d.
Report par roulement de placements dans de petites entreprises,Dépenses fiscales,Entreprises - petites entreprises,Mesures non structurelles,IRP,Impôt sur le revenu des particuliers,10,15,10,15,5,15,15,15
Retenues sur les paiements échelonnés aux entrepreneurs,Dépenses fiscales,Entreprises - autres,Mesures structurelles,IRP,Impôt sur le revenu des particuliers,n.d.,n.d.,n.d.,n.d.,n.d.,n.d.,n.d.,n.d.
Retenues sur les paiements échelonnés aux entrepreneurs,Dépenses fiscales,Entreprises - autres,Mesures structurelles,IRS,Impôt sur le revenu des sociétés,65,100,140,175,165,170,175,180
Retenues sur les paiements échelonnés aux entrepreneurs,Dépenses fiscales,Entreprises - autres,Mesures structurelles,IRP/IRS,Total,n.d.,n.d.,n.d.,n.d.,n.d.,n.d.,n.d.,n.d.
Ristournes émises sous forme de parts par des coopératives agricoles,Dépenses fiscales,Entreprises - agriculture et pêche,Mesures non structurelles,IRP,Impôt sur le revenu des particuliers,F,-1,-1,F,F,1,1,1
Ristournes émises sous forme de parts par des coopératives agricoles,Dépenses fiscales,Entreprises - agriculture et pêche,Mesures non structurelles,IRS,Impôt sur le revenu des sociétés,F,-1,-2,F,F,2,2,2
Ristournes émises sous forme de parts par des coopératives agricoles,Dépenses fiscales,Entreprises - agriculture et pêche,Mesures non structurelles,IRP/IRS,Total,1,-2,-3,F,F,2,3,3
Seuil de petit fournisseur,Dépenses fiscales,Entreprises - petites entreprises,Mesures structurelles,TPS,Total,180,205,260,255,260,265,270,275
Statut fiscal de certaines sociétés d’État fédérales,Dépenses fiscales,Entreprises - autres,Mesures structurelles,IRS,Impôt sur le revenu des sociétés,X,X,X,X,X,X,X,X
"Subvention d'urgence du Canada pour le loyer et Mesure de soutien en cas de confinement,Crédits d'impôt remboursables classés comme des paiements de transfert,Entreprises - autres,S/O,IRP/IRS,Impôt sur le revenu des particuliers et impôt sur le revenu des sociétés,""2,050"",""5,450"",–,–,–,–,–,–"
"Subvention salariale d'urgence du Canada,Crédits d'impôt remboursables classés comme des paiements de transfert,Emploi,S/O,IRP/IRS,Impôt sur le revenu des particuliers et impôt sur le revenu des sociétés,""70,320"",""29,450"",–,–,–,–,–,–"
"Subvention salariale temporaire de 10 % pour les employeurs,Crédits d'impôt remboursables classés comme des paiements de transfert,Emploi,S/O,IRP/IRS,Impôt sur le revenu des particuliers et impôt sur le revenu des sociétés,""1,770"",–,–,–,–,–,–,–"
Supplément remboursable pour frais médicaux,Crédits d'impôt remboursables classés comme des paiements de transfert,Santé,S/O,IRP,Impôt sur le revenu des particuliers,120,150,185,215,230,240,245,245
"Taux d’imposition préférentiel pour les petites entreprises,Dépenses fiscales,Entreprises - petites entreprises,Mesures non structurelles,IRS,Impôt sur le revenu des sociétés,""5,345"",""6,410"",""6,620"",""6,735"",""6,805"",""6,160"",""6,210"",""6,470"""
Traitement fiscal des comptes d’épargne agricole (Agri?investissement et Agri?Québec),Dépenses fiscales,Entreprises - agriculture et pêche,Mesures non structurelles,IRP,Total–impôt sur le revenu des particuliers,3,10,5,10,2,n.d.,n.d.,n.d.
Traitement fiscal des comptes d’épargne agricole (Agri?investissement et Agri?Québec),Dépenses fiscales,Entreprises - agriculture et pêche,Mesures non structurelles,IRP,Programme Agri?investissement–impôt sur le revenu des particuliers,1,10,5,10,3,n.d.,n.d.,n.d.
Traitement fiscal des comptes d’épargne agricole (Agri?investissement et Agri?Québec),Dépenses fiscales,Entreprises - agriculture et pêche,Mesures non structurelles,IRP,Programme Agri-Québec –impôt sur le revenu des particuliers,2,2,F,F,F,n.d.,n.d.,n.d.
Traitement fiscal des comptes d’épargne agricole (Agri?investissement et Agri?Québec),Dépenses fiscales,Entreprises - agriculture et pêche,Mesures non structurelles,IRS,Total–impôt sur le revenu des sociétés,1,2,1,1,1,n.d.,n.d.,n.d.
Traitement fiscal des comptes d’épargne agricole (Agri?investissement et Agri?Québec),Dépenses fiscales,Entreprises - agriculture et pêche,Mesures non structurelles,IRS,Programme Agri?investissement–impôt sur le revenu des sociétés,F,1,1,1,1,n.d.,n.d.,n.d.
Traitement fiscal des comptes d’épargne agricole (Agri?investissement et Agri?Québec),Dépenses fiscales,Entreprises - agriculture et pêche,Mesures non structurelles,IRS,Programme Agri-Québec –impôt sur le revenu des sociétés,1,1,F,F,F,n.d.,n.d.,n.d.
Traitement fiscal des comptes d’épargne agricole (Agri?investissement et Agri?Québec),Dépenses fiscales,Entreprises - agriculture et pêche,Mesures non structurelles,IRP/IRS,Total,4,10,5,10,4,n.d.,n.d.,n.d.
Traitement fiscal des comptes d’épargne agricole (Agri?investissement et Agri?Québec),Dépenses fiscales,Entreprises - agriculture et pêche,Mesures non structurelles,IRP/IRS,Total–Programme Agri?investissement,1,10,5,10,4,n.d.,n.d.,n.d.
Traitement fiscal des comptes d’épargne agricole (Agri?investissement et Agri?Québec),Dépenses fiscales,Entreprises - agriculture et pêche,Mesures non structurelles,IRP/IRS,Total–Programme Agri-Québec,3,3,F,F,F,n.d.,n.d.,n.d.
"Traitement fiscal des cotisations et des prestations liées à l’assurance-emploi et au Régime québécois d’assurance parentale ,Mesures fiscales ne constituant pas des dépenses fiscales,Emploi,Mesures structurelles,IRP,Total–impôt sur le revenu des particuliers,""4,180"",""4,620"",""5,075"",""5,580"",""6,010"",""6,070"",""6,110"",""6,340"""
"Traitement fiscal des cotisations et des prestations liées à l’assurance-emploi et au Régime québécois d’assurance parentale ,Mesures fiscales ne constituant pas des dépenses fiscales,Emploi,Mesures structurelles,IRP,Crédit pour cotisations d’employé,""1,345"",""1,445"",""1,595"",""1,765"",""1,905"",""1,885"",""1,855"",""1,920"""
"Traitement fiscal des cotisations et des prestations liées à l’assurance-emploi et au Régime québécois d’assurance parentale ,Mesures fiscales ne constituant pas des dépenses fiscales,Emploi,Mesures structurelles,IRP,Non-imposition des cotisations d’employeur,""2,835"",""3,175"",""3,480"",""3,815"",""4,105"",""4,185"",""4,255"",""4,420"""
"Traitement fiscal des cotisations et des prestations liées au Régime de pensions du Canada et au Régime de rentes du Québec,Mesures fiscales ne constituant pas des dépenses fiscales,Emploi,Mesures structurelles,IRP,Total–impôt sur le revenu des particuliers,""11,845"",""13,860"",""15,725"",""17,615"",""19,235"",""20,260"",""20,710"",""21,530"""
"Traitement fiscal des cotisations et des prestations liées au Régime de pensions du Canada et au Régime de rentes du Québec,Mesures fiscales ne constituant pas des dépenses fiscales,Emploi,Mesures structurelles,IRP,Reconnaissance fiscale des cotisations d’employé,""4,765"",""5,525"",""6,370"",""7,245"",""7,975"",""8,350"",""8,420"",""8,745"""
"Traitement fiscal des cotisations et des prestations liées au Régime de pensions du Canada et au Régime de rentes du Québec,Mesures fiscales ne constituant pas des dépenses fiscales,Emploi,Mesures structurelles,IRP,Non-imposition des cotisations d’employeur,""7,080"",""8,335"",""9,355"",""10,370"",""11,260"",""11,910"",""12,290"",""12,785"""
Traitement fiscal des pensions alimentaires et allocations d’entretien,Dépenses fiscales,Familles et ménages,Mesures non structurelles,IRP,Impôt sur le revenu des particuliers,100,105,105,105,105,110,115,115
Traitement fiscal du revenu de placement provenant de polices d’assurance-vie,Dépenses fiscales,Épargne et investissement,Mesures structurelles,IRP,Impôt sur le revenu des particuliers,235,230,245,270,320,330,365,405
"Transfert de points d’impôt aux provinces,Mesures fiscales ne constituant pas des dépenses fiscales,Arrangements fiscaux intergouvernementaux,Mesures structurelles,IRP,Impôt sur le revenu des particuliers–particuliers,""26,130"",""29,155"",""30,780"",""32,355"",""35,295"",""36,025"",""37,315"",""39,235"""
"Transfert de points d’impôt aux provinces,Mesures fiscales ne constituant pas des dépenses fiscales,Arrangements fiscaux intergouvernementaux,Mesures structurelles,FID,Impôt sur le revenu des particuliers–fiducies,""1,050"",""1,470"",845,""1,115"",""1,300"",""1,360"",""1,395"",""1,365"""
"Transfert de points d’impôt aux provinces,Mesures fiscales ne constituant pas des dépenses fiscales,Arrangements fiscaux intergouvernementaux,Mesures structurelles,IRS,Impôt sur le revenu des sociétés,""3,680"",""5,250"",""5,380"",""5,640"",""6,045"",""6,050"",""6,265"",""6,520"""
"Transfert de points d’impôt aux provinces,Mesures fiscales ne constituant pas des dépenses fiscales,Arrangements fiscaux intergouvernementaux,Mesures structurelles,IRP/FID,Total–impôt sur le revenu des particuliers,""27,180"",""30,625"",""31,625"",""33,470"",""36,595"",""37,385"",""38,710"",""40,595"""
"Transfert de points d’impôt aux provinces,Mesures fiscales ne constituant pas des dépenses fiscales,Arrangements fiscaux intergouvernementaux,Mesures structurelles,IRP/FID/IRS,Total,""30,860"",""35,875"",""37,005"",""39,105"",""42,645"",""43,440"",""44,975"",""47,115"""
,,,,,,,,,,,,,
,,,,,,,,,,,,,
,,,,,,,,,,,,,
,,,,,,,,,,,,,
,,,,,,,,,,,,,
,,,,,,,,,,,,,
,,,,,,,,,,,,,
,,,,,,,,,,,,,
,,,,,,,,,,,,,
,,,,,,,,,,,,,
,,,,,,,,,,,,,
,,,,,,,,,,,,,
,,,,,,,,,,,,,
,,,,,,,,,,,,,
,,,,,,,,,,,,,
,,,,,,,,,,,,,
,,,,,,,,,,,,,
,,,,,,,,,,,,,
,,,,,,,,,,,,,
,,,,,,,,,,,,,
,,,,,,,,,,,,,
,,,,,,,,,,,,,
,,,,,,,,,,,,,
,,,,,,,,,,,,,
,,,,,,,,,,,,,
,,,,,,,,,,,,,
,,,,,,,,,,,,,
,,,,,,,,,,,,,
,,,,,,,,,,,,,
,,,,,,,,,,,,,
,,,,,,,,,,,,,
,,,,,,,,,,,,,
,,,,,,,,,,,,,
,,,,,,,,,,,,,
,,,,,,,,,,,,,
,,,,,,,,,,,,,
,,,,,,,,,,,,,
,,,,,,,,,,,,,
,,,,,,,,,,,,,
,,,,,,,,,,,,,
,,,,,,,,,,,,,
,,,,,,,,,,,,,
,,,,,,,,,,,,,
,,,,,,,,,,,,,
,,,,,,,,,,,,,
,,,,,,,,,,,,,
,,,,,,,,,,,,,
,,,,,,,,,,,,,
,,,,,,,,,,,,,
,,,,,,,,,,,,,
,,,,,,,,,,,,,
,,,,,,,,,,,,,
,,,,,,,,,,,,,
,,,,,,,,,,,,,
,,,,,,,,,,,,,
,,,,,,,,,,,,,
,,,,,,,,,,,,,
,,,,,,,,,,,,,
,,,,,,,,,,,,,
,,,,,,,,,,,,,
,,,,,,,,,,,,,
,,,,,,,,,,,,,
,,,,,,,,,,,,,
,,,,,,,,,,,,,
,,,,,,,,,,,,,
,,,,,,,,,,,,,
,,,,,,,,,,,,,
,,,,,,,,,,,,,
,,,,,,,,,,,,,
,,,,,,,,,,,,,
,,,,,,,,,,,,,
,,,,,,,,,,,,,
,,,,,,,,,,,,,
,,,,,,,,,,,,,
,,,,,,,,,,,,,
,,,,,,,,,,,,,
,,,,,,,,,,,,,
,,,,,,,,,,,,,
,,,,,,,,,,,,,
,,,,,,,,,,,,,
,,,,,,,,,,,,,
,,,,,,,,,,,,,
,,,,,,,,,,,,,
,,,,,,,,,,,,,
,,,,,,,,,,,,,
,,,,,,,,,,,,,
,,,,,,,,,,,,,
,,,,,,,,,,,,,
,,,,,,,,,,,,,
,,,,,,,,,,,,,
,,,,,,,,,,,,,
,,,,,,,,,,,,,
,,,,,,,,,,,,,
,,,,,,,,,,,,,
,,,,,,,,,,,,,
,,,,,,,,,,,,,
,,,,,,,,,,,,,
,,,,,,,,,,,,,
,,,,,,,,,,,,,
,,,,,,,,,,,,,
,,,,,,,,,,,,,
,,,,,,,,,,,,,
,,,,,,,,,,,,,
,,,,,,,,,,,,,
,,,,,,,,,,,,,
,,,,,,,,,,,,,
,,,,,,,,,,,,,
,,,,,,,,,,,,,
,,,,,,,,,,,,,
,,,,,,,,,,,,,
,,,,,,,,,,,,,
,,,,,,,,,,,,,
,,,,,,,,,,,,,
,,,,,,,,,,,,,
,,,,,,,,,,,,,
,,,,,,,,,,,,,
,,,,,,,,,,,,,
,,,,,,,,,,,,,
,,,,,,,,,,,,,
,,,,,,,,,,,,,
,,,,,,,,,,,,,
,,,,,,,,,,,,,
,,,,,,,,,,,,,
,,,,,,,,,,,,,
,,,,,,,,,,,,,
,,,,,,,,,,,,,
,,,,,,,,,,,,,
,,,,,,,,,,,,,
,,,,,,,,,,,,,
,,,,,,,,,,,,,
,,,,,,,,,,,,,
,,,,,,,,,,,,,
,,,,,,,,,,,,,
,,,,,,,,,,,,,
,,,,,,,,,,,,,
,,,,,,,,,,,,,
,,,,,,,,,,,,,
,,,,,,,,,,,,,
,,,,,,,,,,,,,
,,,,,,,,,,,,,
,,,,,,,,,,,,,
,,,,,,,,,,,,,
,,,,,,,,,,,,,
,,,,,,,,,,,,,
,,,,,,,,,,,,,
,,,,,,,,,,,,,
,,,,,,,,,,,,,
,,,,,,,,,,,,,
,,,,,,,,,,,,,
,,,,,,,,,,,,,
,,,,,,,,,,,,,
,,,,,,,,,,,,,
,,,,,,,,,,,,,
,,,,,,,,,,,,,
,,,,,,,,,,,,,
,,,,,,,,,,,,,
